SurvYear,Name,MDBWetland,Subwetland,CommonName,Scientific,ReplicateC,Count,Nest,Broods,BreedingIn
2010,NA,Great Cumbung Swamp,Bunumburt Lake,Grey Teal,Anas gracilis,0,2,0,0,0
2010,NA,Great Cumbung Swamp,Bunumburt Lake,Hardhead,Aythya australis,0,8,0,0,0
2010,NA,Great Cumbung Swamp,Bunumburt Lake,Straw-necked Ibis,Threskiornis spinicollis,0,70,0,0,0
2010,NA,Great Cumbung Swamp,Clear Lake,Straw-necked Ibis,Threskiornis spinicollis,0,40,0,0,0
2010,NA,Great Cumbung Swamp,Cumbung Swamp Floodplain,Australasian Darter,Anhinga novaehollandiae,0,5,0,0,0
2010,NA,Great Cumbung Swamp,Cumbung Swamp Floodplain,Australasian Swamphen,Porphyrio melanotus melanotus,0,5,0,0,0
2010,NA,Great Cumbung Swamp,Cumbung Swamp Floodplain,Australian Pelican,Pelecanus conspicillatus,0,258,0,0,0
2010,NA,Great Cumbung Swamp,Cumbung Swamp Floodplain,Australian Pied Cormorant,Phalacrocorax varius,0,10,0,0,0
2010,NA,Great Cumbung Swamp,Cumbung Swamp Floodplain,Australian White Ibis,Threskiornis molucca,0,1002,0,0,0
2010,NA,Great Cumbung Swamp,Cumbung Swamp Floodplain,Black Swan,Cygnus atratus,0,191,0,0,0
2010,NA,Great Cumbung Swamp,Cumbung Swamp Floodplain,Black-tailed Nativehen,Tribonyx ventralis,0,1570,0,0,0
2010,NA,Great Cumbung Swamp,Cumbung Swamp Floodplain,Egrets,Ardea/Egretta sp.,0,176,0,0,0
2010,NA,Great Cumbung Swamp,Cumbung Swamp Floodplain,Eurasian Coot,Fulica atra,0,160,0,0,0
2010,NA,Great Cumbung Swamp,Cumbung Swamp Floodplain,Glossy Ibis,Plegadis falcinellus,0,5,0,0,0
2010,NA,Great Cumbung Swamp,Cumbung Swamp Floodplain,Great Cormorant,Phalacrocorax carbo,0,46,0,0,0
2010,NA,Great Cumbung Swamp,Cumbung Swamp Floodplain,Great Crested Grebe,Podiceps cristatus,0,5,0,0,0
2010,NA,Great Cumbung Swamp,Cumbung Swamp Floodplain,Grey Teal,Anas gracilis,0,2701,0,0,0
2010,NA,Great Cumbung Swamp,Cumbung Swamp Floodplain,Hardhead,Aythya australis,0,584,0,0,0
2010,NA,Great Cumbung Swamp,Cumbung Swamp Floodplain,Little Black Cormorant,Phalacrocorax sulcirostris,0,238,0,0,0
2010,NA,Great Cumbung Swamp,Cumbung Swamp Floodplain,Little Pied Cormorant,Microcarbo melanoleucos,0,5,0,0,0
2010,NA,Great Cumbung Swamp,Cumbung Swamp Floodplain,Musk Duck,Biziura lobata,0,5,0,0,0
2010,NA,Great Cumbung Swamp,Cumbung Swamp Floodplain,Pacific Black Duck,Anas superciliosa,0,300,0,0,0
2010,NA,Great Cumbung Swamp,Cumbung Swamp Floodplain,Pied Stilt,Himantopus luecocephalus,0,191,0,0,0
2010,NA,Great Cumbung Swamp,Cumbung Swamp Floodplain,Plumed Whistling Duck,Dendrocygna eytoni,0,31,0,0,0
2010,NA,Great Cumbung Swamp,Cumbung Swamp Floodplain,Small Grebes,small grebe sp.,0,5,0,0,0
2010,NA,Great Cumbung Swamp,Cumbung Swamp Floodplain,Small Waders,small wader sp.,0,5,0,0,0
2010,NA,Great Cumbung Swamp,Cumbung Swamp Floodplain,Straw-necked Ibis,Threskiornis spinicollis,0,1503,0,0,0
2010,NA,Great Cumbung Swamp,Cumbung Swamp Floodplain,Whiskered Tern,Chlidonias hybrida,0,15,0,0,0
2010,NA,Great Cumbung Swamp,Cumbung Swamp Floodplain,White-faced Heron,Egretta novaehollandiae,0,5,0,0,0
2010,NA,Great Cumbung Swamp,Cumbung Swamp Floodplain,White-necked Heron,Ardea pacifica,0,114,0,0,0
2010,NA,Great Cumbung Swamp,Cumbung Swamp Floodplain,Wood (Maned) Duck,Chenonetta jubata,0,382,0,0,0
2011,NA,Great Cumbung Swamp,Lake Comayjong,Egrets,Ardea/Egretta sp.,0,1,0,0,0
2011,NA,Great Cumbung Swamp,Lake Comayjong,Eurasian Coot,Fulica atra,0,4,0,0,0
2011,NA,Great Cumbung Swamp,Lake Comayjong,Great Egret,Ardea alba,0,2,0,0,0
2011,NA,Great Cumbung Swamp,Lake Comayjong,Grey Teal,Anas gracilis,0,19,0,0,0
2011,NA,Great Cumbung Swamp,Lake Comayjong,Pacific Black Duck,Anas superciliosa,0,2,0,0,0
2011,NA,Great Cumbung Swamp,Cumbung Swamp Floodplain,Australasian Darter,Anhinga novaehollandiae,0,31,0,0,0
2011,NA,Great Cumbung Swamp,Cumbung Swamp Floodplain,Australian Pelican,Pelecanus conspicillatus,0,923,0,0,0
2011,NA,Great Cumbung Swamp,Cumbung Swamp Floodplain,Australian Pied Cormorant,Phalacrocorax varius,0,28,0,0,0
2011,NA,Great Cumbung Swamp,Cumbung Swamp Floodplain,Australian Shelduck (Mountain Duck),Tadorna tadornoides,0,979,0,0,0
2011,NA,Great Cumbung Swamp,Cumbung Swamp Floodplain,Australian White Ibis,Threskiornis molucca,0,11,0,0,0
2011,NA,Great Cumbung Swamp,Cumbung Swamp Floodplain,Black Swan,Cygnus atratus,0,536,0,3,3
2011,NA,Great Cumbung Swamp,Cumbung Swamp Floodplain,Black-tailed Nativehen,Tribonyx ventralis,0,382,0,0,0
2011,NA,Great Cumbung Swamp,Cumbung Swamp Floodplain,Egrets,Ardea/Egretta sp.,0,351,0,0,0
2011,NA,Great Cumbung Swamp,Cumbung Swamp Floodplain,Eurasian Coot,Fulica atra,0,4965,0,0,0
2011,NA,Great Cumbung Swamp,Cumbung Swamp Floodplain,Glossy Ibis,Plegadis falcinellus,0,70,0,0,0
2011,NA,Great Cumbung Swamp,Cumbung Swamp Floodplain,Great Cormorant,Phalacrocorax carbo,0,212,0,0,0
2011,NA,Great Cumbung Swamp,Cumbung Swamp Floodplain,Great Egret,Ardea alba,0,167,0,0,0
2011,NA,Great Cumbung Swamp,Cumbung Swamp Floodplain,Grey Teal,Anas gracilis,0,18770,0,0,0
2011,NA,Great Cumbung Swamp,Cumbung Swamp Floodplain,Gull-billed Tern,Gelochelidon nilotica,0,33,0,0,0
2011,NA,Great Cumbung Swamp,Cumbung Swamp Floodplain,Hardhead,Aythya australis,0,20,0,0,0
2011,NA,Great Cumbung Swamp,Cumbung Swamp Floodplain,Little Black Cormorant,Phalacrocorax sulcirostris,0,11,0,0,0
2011,NA,Great Cumbung Swamp,Cumbung Swamp Floodplain,Nankeen Night Heron,Nycticorax caledonicus,0,8,0,0,0
2011,NA,Great Cumbung Swamp,Cumbung Swamp Floodplain,Pacific Black Duck,Anas superciliosa,0,552,0,0,0
2011,NA,Great Cumbung Swamp,Cumbung Swamp Floodplain,Pied Stilt,Himantopus luecocephalus,0,644,0,0,0
2011,NA,Great Cumbung Swamp,Cumbung Swamp Floodplain,Pink-eared Duck,Malacorhynchus membranaceus,0,697,0,0,0
2011,NA,Great Cumbung Swamp,Cumbung Swamp Floodplain,Red-necked Avocet,Recurvirostra novaehollandiae,0,145,0,0,0
2011,NA,Great Cumbung Swamp,Cumbung Swamp Floodplain,Royal Spoonbill,Platalea regia,0,20,0,0,0
2011,NA,Great Cumbung Swamp,Cumbung Swamp Floodplain,Small Waders,small wader sp.,0,279,0,0,0
2011,NA,Great Cumbung Swamp,Cumbung Swamp Floodplain,Whiskered Tern,Chlidonias hybrida,0,84,0,0,0
2011,NA,Great Cumbung Swamp,Cumbung Swamp Floodplain,White-faced Heron,Egretta novaehollandiae,0,25,0,0,0
2011,NA,Great Cumbung Swamp,Cumbung Swamp Floodplain,White-necked Heron,Ardea pacifica,0,25,0,0,0
2011,NA,Great Cumbung Swamp,Cumbung Swamp Floodplain,Wood (Maned) Duck,Chenonetta jubata,0,1752,0,0,0
2011,NA,Great Cumbung Swamp,Cumbung Swamp Floodplain,Yellow-billed Spoonbill,Platalea flavipes,0,25,0,0,0
2011,NA,Great Cumbung Swamp,Marool Lake,Black Swan,Cygnus atratus,0,2,0,0,0
2011,NA,Great Cumbung Swamp,Marool Lake,Black-tailed Nativehen,Tribonyx ventralis,0,22,0,0,0
2011,NA,Great Cumbung Swamp,Marool Lake,Egrets,Ardea/Egretta sp.,0,30,0,0,0
2011,NA,Great Cumbung Swamp,Marool Lake,Great Cormorant,Phalacrocorax carbo,0,22,0,0,0
2011,NA,Great Cumbung Swamp,Marool Lake,Great Egret,Ardea alba,0,2,0,0,0
2011,NA,Great Cumbung Swamp,Marool Lake,Grey Teal,Anas gracilis,0,404,0,0,0
2011,NA,Great Cumbung Swamp,Marool Lake,Pacific Black Duck,Anas superciliosa,0,46,0,0,0
2011,NA,Great Cumbung Swamp,Marool Lake,Pied Stilt,Himantopus luecocephalus,0,220,0,0,0
2011,NA,Great Cumbung Swamp,Marool Lake,White-necked Heron,Ardea pacifica,0,2,0,0,0
2011,NA,Great Cumbung Swamp,Marool Lake,Yellow-billed Spoonbill,Platalea flavipes,0,48,0,0,0
2011,NA,Great Cumbung Swamp,Boyong Lake,Australasian Darter,Anhinga novaehollandiae,0,1,0,0,0
2011,NA,Great Cumbung Swamp,Boyong Lake,Australian Pelican,Pelecanus conspicillatus,0,16,0,0,0
2011,NA,Great Cumbung Swamp,Boyong Lake,Black Swan,Cygnus atratus,0,2,0,0,0
2011,NA,Great Cumbung Swamp,Boyong Lake,Black-tailed Nativehen,Tribonyx ventralis,0,6,0,0,0
2011,NA,Great Cumbung Swamp,Boyong Lake,Egrets,Ardea/Egretta sp.,0,2,0,0,0
2011,NA,Great Cumbung Swamp,Boyong Lake,Eurasian Coot,Fulica atra,0,238,0,0,0
2011,NA,Great Cumbung Swamp,Boyong Lake,Great Cormorant,Phalacrocorax carbo,0,8,0,0,0
2011,NA,Great Cumbung Swamp,Boyong Lake,Great Egret,Ardea alba,0,12,0,0,0
2011,NA,Great Cumbung Swamp,Boyong Lake,Grey Teal,Anas gracilis,0,128,0,0,0
2011,NA,Great Cumbung Swamp,Boyong Lake,Pacific Black Duck,Anas superciliosa,0,56,0,0,0
2011,NA,Great Cumbung Swamp,Boyong Lake,White-necked Heron,Ardea pacifica,0,1,0,0,0
2011,NA,Great Cumbung Swamp,Lignum Lake,Australian Shelduck (Mountain Duck),Tadorna tadornoides,0,25,0,0,0
2011,NA,Great Cumbung Swamp,Lignum Lake,Black Swan,Cygnus atratus,0,67,0,0,0
2011,NA,Great Cumbung Swamp,Lignum Lake,Egrets,Ardea/Egretta sp.,0,27,0,0,0
2011,NA,Great Cumbung Swamp,Lignum Lake,Glossy Ibis,Plegadis falcinellus,0,38,0,0,0
2011,NA,Great Cumbung Swamp,Lignum Lake,Great Egret,Ardea alba,0,2,0,0,0
2011,NA,Great Cumbung Swamp,Lignum Lake,Grey Teal,Anas gracilis,0,398,0,0,0
2011,NA,Great Cumbung Swamp,Lignum Lake,Gull-billed Tern,Gelochelidon nilotica,0,25,0,0,0
2011,NA,Great Cumbung Swamp,Lignum Lake,Pacific Black Duck,Anas superciliosa,0,22,0,0,0
2011,NA,Great Cumbung Swamp,Lignum Lake,Pied Stilt,Himantopus luecocephalus,0,43,0,0,0
2011,NA,Great Cumbung Swamp,Lignum Lake,White-faced Heron,Egretta novaehollandiae,0,2,0,0,0
2011,NA,Great Cumbung Swamp,Lignum Lake,White-necked Heron,Ardea pacifica,0,23,0,0,0
2011,NA,Great Cumbung Swamp,Lignum Lake,Wood (Maned) Duck,Chenonetta jubata,0,17,0,0,0
2011,NA,Great Cumbung Swamp,Bunumburt North,Australasian Darter,Anhinga novaehollandiae,0,28,0,0,0
2011,NA,Great Cumbung Swamp,Bunumburt North,Black Swan,Cygnus atratus,0,4,0,0,0
2011,NA,Great Cumbung Swamp,Bunumburt North,Egrets,Ardea/Egretta sp.,0,8,0,0,0
2011,NA,Great Cumbung Swamp,Bunumburt North,Eurasian Coot,Fulica atra,0,456,0,0,0
2011,NA,Great Cumbung Swamp,Bunumburt North,Great Cormorant,Phalacrocorax carbo,0,226,0,0,0
2011,NA,Great Cumbung Swamp,Bunumburt North,Great Egret,Ardea alba,0,40,0,0,0
2011,NA,Great Cumbung Swamp,Bunumburt North,Grey Teal,Anas gracilis,0,80,0,0,0
2011,NA,Great Cumbung Swamp,Bunumburt North,Little Pied Cormorant,Microcarbo melanoleucos,0,12,0,0,0
2011,NA,Great Cumbung Swamp,Bunumburt North,Pacific Black Duck,Anas superciliosa,0,2,0,0,0
2011,NA,Great Cumbung Swamp,Bunumburt North,Pied Stilt,Himantopus luecocephalus,0,2,0,0,0
2012,NA,Great Cumbung Swamp,Cumbung Swamp Floodplain,Australasian Darter,Anhinga novaehollandiae,0,6,0,0,0
2012,NA,Great Cumbung Swamp,Cumbung Swamp Floodplain,Australasian Swamphen,Porphyrio melanotus melanotus,0,671,0,0,0
2012,NA,Great Cumbung Swamp,Cumbung Swamp Floodplain,Australian Pelican,Pelecanus conspicillatus,0,1174,0,0,0
2012,NA,Great Cumbung Swamp,Cumbung Swamp Floodplain,Australian Pied Cormorant,Phalacrocorax varius,0,6,0,0,0
2012,NA,Great Cumbung Swamp,Cumbung Swamp Floodplain,Australian White Ibis,Threskiornis molucca,0,126,42,0,42
2012,NA,Great Cumbung Swamp,Cumbung Swamp Floodplain,Black Swan,Cygnus atratus,0,126,0,0,0
2012,NA,Great Cumbung Swamp,Cumbung Swamp Floodplain,Black-tailed Nativehen,Tribonyx ventralis,0,1030,0,0,0
2012,NA,Great Cumbung Swamp,Cumbung Swamp Floodplain,Egrets,Ardea/Egretta sp.,0,1929,0,0,0
2012,NA,Great Cumbung Swamp,Cumbung Swamp Floodplain,Eurasian Coot,Fulica atra,0,3163,0,0,0
2012,NA,Great Cumbung Swamp,Cumbung Swamp Floodplain,Glossy Ibis,Plegadis falcinellus,0,365,0,0,0
2012,NA,Great Cumbung Swamp,Cumbung Swamp Floodplain,Great Cormorant,Phalacrocorax carbo,0,1174,0,0,0
2012,NA,Great Cumbung Swamp,Cumbung Swamp Floodplain,Great Egret,Ardea alba,0,78,0,0,0
2012,NA,Great Cumbung Swamp,Cumbung Swamp Floodplain,Grey Teal,Anas gracilis,0,3456,0,0,0
2012,NA,Great Cumbung Swamp,Cumbung Swamp Floodplain,Gull-billed Tern,Gelochelidon nilotica,0,54,0,0,0
2012,NA,Great Cumbung Swamp,Cumbung Swamp Floodplain,Hardhead,Aythya australis,0,335,0,0,0
2012,NA,Great Cumbung Swamp,Cumbung Swamp Floodplain,Little Black Cormorant,Phalacrocorax sulcirostris,0,629,0,0,0
2012,NA,Great Cumbung Swamp,Cumbung Swamp Floodplain,Little Pied Cormorant,Microcarbo melanoleucos,0,6,0,0,0
2012,NA,Great Cumbung Swamp,Cumbung Swamp Floodplain,Masked Lapwing,Vanellus miles,0,6,0,0,0
2012,NA,Great Cumbung Swamp,Cumbung Swamp Floodplain,Nankeen Night Heron,Nycticorax caledonicus,0,24,0,0,0
2012,NA,Great Cumbung Swamp,Cumbung Swamp Floodplain,Pacific Black Duck,Anas superciliosa,0,479,0,0,0
2012,NA,Great Cumbung Swamp,Cumbung Swamp Floodplain,Pied Stilt,Himantopus luecocephalus,0,18,0,0,0
2012,NA,Great Cumbung Swamp,Cumbung Swamp Floodplain,Straw-necked Ibis,Threskiornis spinicollis,0,1821,0,0,0
2012,NA,Great Cumbung Swamp,Cumbung Swamp Floodplain,Whiskered Tern,Chlidonias hybrida,0,341,0,0,0
2012,NA,Great Cumbung Swamp,Cumbung Swamp Floodplain,White-faced Heron,Egretta novaehollandiae,0,72,0,0,0
2012,NA,Great Cumbung Swamp,Cumbung Swamp Floodplain,White-necked Heron,Ardea pacifica,0,815,0,0,0
2012,NA,Great Cumbung Swamp,Cumbung Swamp Floodplain,Wood (Maned) Duck,Chenonetta jubata,0,1168,0,0,0
2012,NA,Great Cumbung Swamp,Cumbung Swamp Floodplain,Yellow-billed Spoonbill,Platalea flavipes,0,150,0,0,0
2012,NA,Great Cumbung Swamp,Boyong Lake,Australian Pelican,Pelecanus conspicillatus,0,55,0,0,0
2012,NA,Great Cumbung Swamp,Boyong Lake,Australian White Ibis,Threskiornis molucca,0,1,0,0,0
2012,NA,Great Cumbung Swamp,Boyong Lake,Black Swan,Cygnus atratus,0,22,0,0,0
2012,NA,Great Cumbung Swamp,Boyong Lake,Egrets,Ardea/Egretta sp.,0,11,0,0,0
2012,NA,Great Cumbung Swamp,Boyong Lake,Eurasian Coot,Fulica atra,0,2060,0,0,0
2012,NA,Great Cumbung Swamp,Boyong Lake,Hardhead,Aythya australis,0,20,0,0,0
2012,NA,Great Cumbung Swamp,Boyong Lake,Wood (Maned) Duck,Chenonetta jubata,0,15,0,0,0
2012,NA,Great Cumbung Swamp,Brittens Lake,Australasian Darter,Anhinga novaehollandiae,0,1,0,0,0
2012,NA,Great Cumbung Swamp,Brittens Lake,Australian Pelican,Pelecanus conspicillatus,0,35,0,0,0
2012,NA,Great Cumbung Swamp,Brittens Lake,Black Swan,Cygnus atratus,0,30,0,0,0
2012,NA,Great Cumbung Swamp,Brittens Lake,Black-tailed Nativehen,Tribonyx ventralis,0,3,0,0,0
2012,NA,Great Cumbung Swamp,Brittens Lake,Egrets,Ardea/Egretta sp.,0,9,0,0,0
2012,NA,Great Cumbung Swamp,Brittens Lake,Eurasian Coot,Fulica atra,0,80,0,0,0
2012,NA,Great Cumbung Swamp,Brittens Lake,Great Cormorant,Phalacrocorax carbo,0,17,0,0,0
2012,NA,Great Cumbung Swamp,Brittens Lake,Great Egret,Ardea alba,0,3,0,0,0
2012,NA,Great Cumbung Swamp,Brittens Lake,Grey Teal,Anas gracilis,0,4,0,0,0
2012,NA,Great Cumbung Swamp,Brittens Lake,Hardhead,Aythya australis,0,130,0,0,0
2012,NA,Great Cumbung Swamp,Brittens Lake,Little Pied Cormorant,Microcarbo melanoleucos,0,2,0,0,0
2012,NA,Great Cumbung Swamp,Brittens Lake,Nankeen Night Heron,Nycticorax caledonicus,0,1,0,0,0
2012,NA,Great Cumbung Swamp,Brittens Lake,Pacific Black Duck,Anas superciliosa,0,3,0,0,0
2012,NA,Great Cumbung Swamp,Brittens Lake,Straw-necked Ibis,Threskiornis spinicollis,0,10,0,0,0
2012,NA,Great Cumbung Swamp,Brittens Lake,White-necked Heron,Ardea pacifica,0,3,0,0,0
2012,NA,Great Cumbung Swamp,Brittens Lake,Wood (Maned) Duck,Chenonetta jubata,0,73,0,0,0
2012,NA,Great Cumbung Swamp,Brittens Lake,Yellow-billed Spoonbill,Platalea flavipes,0,2,0,0,0
2012,NA,Great Cumbung Swamp,Lignum Lake,Black Swan,Cygnus atratus,0,90,0,2,2
2012,NA,Great Cumbung Swamp,Lignum Lake,Egrets,Ardea/Egretta sp.,0,8,0,0,0
2012,NA,Great Cumbung Swamp,Lignum Lake,Eurasian Coot,Fulica atra,0,158,0,0,0
2012,NA,Great Cumbung Swamp,Lignum Lake,Great Egret,Ardea alba,0,2,0,0,0
2012,NA,Great Cumbung Swamp,Lignum Lake,Grey Teal,Anas gracilis,0,250,0,0,0
2012,NA,Great Cumbung Swamp,Lignum Lake,Hardhead,Aythya australis,0,217,0,0,0
2012,NA,Great Cumbung Swamp,Lignum Lake,Small Grebes,small grebe sp.,0,50,0,0,0
2012,NA,Great Cumbung Swamp,Lignum Lake,Yellow-billed Spoonbill,Platalea flavipes,0,3,0,0,0
2012,NA,Great Cumbung Swamp,Marool Lake,Australasian Darter,Anhinga novaehollandiae,0,5,0,0,0
2012,NA,Great Cumbung Swamp,Marool Lake,Egrets,Ardea/Egretta sp.,0,16,0,0,0
2012,NA,Great Cumbung Swamp,Marool Lake,Grey Teal,Anas gracilis,0,31,0,0,0
2012,NA,Great Cumbung Swamp,Marool Lake,Little Black Cormorant,Phalacrocorax sulcirostris,0,14,0,0,0
2012,NA,Great Cumbung Swamp,Marool Lake,Straw-necked Ibis,Threskiornis spinicollis,0,2,0,0,0
2012,NA,Great Cumbung Swamp,Marool Lake,Whiskered Tern,Chlidonias hybrida,0,62,0,0,0
2012,NA,Great Cumbung Swamp,Marool Lake,White-necked Heron,Ardea pacifica,0,12,0,0,0
2012,NA,Great Cumbung Swamp,Marool Lake,Yellow-billed Spoonbill,Platalea flavipes,0,15,0,0,0
2012,NA,Great Cumbung Swamp,Clear Lake,Black-tailed Nativehen,Tribonyx ventralis,0,19,0,0,0
2012,NA,Great Cumbung Swamp,Clear Lake,Egrets,Ardea/Egretta sp.,0,3,0,0,0
2012,NA,Great Cumbung Swamp,Clear Lake,Eurasian Coot,Fulica atra,0,55,0,0,0
2012,NA,Great Cumbung Swamp,Clear Lake,Great Cormorant,Phalacrocorax carbo,0,2,0,0,0
2012,NA,Great Cumbung Swamp,Clear Lake,Grey Teal,Anas gracilis,0,30,0,0,0
2012,NA,Great Cumbung Swamp,Clear Lake,Pacific Black Duck,Anas superciliosa,0,4,0,0,0
2012,NA,Great Cumbung Swamp,Clear Lake,Straw-necked Ibis,Threskiornis spinicollis,0,1,0,0,0
2012,NA,Great Cumbung Swamp,Clear Lake,White-necked Heron,Ardea pacifica,0,1,0,0,0
2013,NA,Great Cumbung Swamp,Lake Comayjong,Australian Pelican,Pelecanus conspicillatus,0,60,0,0,0
2013,NA,Great Cumbung Swamp,Lake Comayjong,Pacific Black Duck,Anas superciliosa,0,4,0,0,0
2013,NA,Great Cumbung Swamp,Lake Comayjong,Yellow-billed Spoonbill,Platalea flavipes,0,1,0,0,0
2013,NA,Great Cumbung Swamp,Cumbung Swamp Floodplain,Australian Pelican,Pelecanus conspicillatus,0,1018,0,0,0
2013,NA,Great Cumbung Swamp,Cumbung Swamp Floodplain,Australian Shelduck (Mountain Duck),Tadorna tadornoides,0,89,0,0,0
2013,NA,Great Cumbung Swamp,Cumbung Swamp Floodplain,Black Swan,Cygnus atratus,0,12,0,0,0
2013,NA,Great Cumbung Swamp,Cumbung Swamp Floodplain,Egrets,Ardea/Egretta sp.,0,12,0,0,0
2013,NA,Great Cumbung Swamp,Cumbung Swamp Floodplain,Great Cormorant,Phalacrocorax carbo,0,12,0,0,0
2013,NA,Great Cumbung Swamp,Cumbung Swamp Floodplain,Grey Teal,Anas gracilis,0,7240,0,0,0
2013,NA,Great Cumbung Swamp,Cumbung Swamp Floodplain,Gull-billed Tern,Gelochelidon nilotica,0,4,0,0,0
2013,NA,Great Cumbung Swamp,Cumbung Swamp Floodplain,Little Black Cormorant,Phalacrocorax sulcirostris,0,15,0,0,0
2013,NA,Great Cumbung Swamp,Cumbung Swamp Floodplain,Masked Lapwing,Vanellus miles,0,8,0,0,0
2013,NA,Great Cumbung Swamp,Cumbung Swamp Floodplain,Pacific Black Duck,Anas superciliosa,0,283,0,0,0
2013,NA,Great Cumbung Swamp,Cumbung Swamp Floodplain,Pied Stilt,Himantopus luecocephalus,0,387,0,0,0
2013,NA,Great Cumbung Swamp,Cumbung Swamp Floodplain,Red-necked Avocet,Recurvirostra novaehollandiae,0,774,0,0,0
2013,NA,Great Cumbung Swamp,Cumbung Swamp Floodplain,Silver Gull,Chroicocephalus novaehollandiae,0,4,0,0,0
2013,NA,Great Cumbung Swamp,Cumbung Swamp Floodplain,Straw-necked Ibis,Threskiornis spinicollis,0,4,0,0,0
2013,NA,Great Cumbung Swamp,Cumbung Swamp Floodplain,White-faced Heron,Egretta novaehollandiae,0,4,0,0,0
2013,NA,Great Cumbung Swamp,Cumbung Swamp Floodplain,White-necked Heron,Ardea pacifica,0,4,0,0,0
2013,NA,Great Cumbung Swamp,Cumbung Swamp Floodplain,Wood (Maned) Duck,Chenonetta jubata,0,503,0,0,0
2013,NA,Great Cumbung Swamp,Cumbung Swamp Floodplain,Yellow-billed Spoonbill,Platalea flavipes,0,31,0,0,0
2013,NA,Great Cumbung Swamp,Clear Lake,Zero Count,NA,0,0,0,0,0
2013,NA,Great Cumbung Swamp,Brittens Lake,Zero Count,NA,0,0,0,0,0
2014,NA,Great Cumbung Swamp,Baconian Swamp,Zero Count,NA,0,0,0,0,0
2014,NA,Great Cumbung Swamp,Cumbung Swamp Floodplain,Australian Pelican,Pelecanus conspicillatus,0,1317,0,0,0
2014,NA,Great Cumbung Swamp,Cumbung Swamp Floodplain,Egrets,Ardea/Egretta sp.,0,17,0,0,0
2014,NA,Great Cumbung Swamp,Cumbung Swamp Floodplain,Eurasian Coot,Fulica atra,0,3,0,0,0
2014,NA,Great Cumbung Swamp,Cumbung Swamp Floodplain,Grey Teal,Anas gracilis,0,2434,0,0,0
2014,NA,Great Cumbung Swamp,Cumbung Swamp Floodplain,Little Black Cormorant,Phalacrocorax sulcirostris,0,27,0,0,0
2014,NA,Great Cumbung Swamp,Cumbung Swamp Floodplain,Masked Lapwing,Vanellus miles,0,27,0,0,0
2014,NA,Great Cumbung Swamp,Cumbung Swamp Floodplain,Pacific Black Duck,Anas superciliosa,0,17,0,0,0
2014,NA,Great Cumbung Swamp,Cumbung Swamp Floodplain,Pied Stilt,Himantopus luecocephalus,0,282,0,0,0
2014,NA,Great Cumbung Swamp,Cumbung Swamp Floodplain,Red-necked Avocet,Recurvirostra novaehollandiae,0,1683,0,0,0
2014,NA,Great Cumbung Swamp,Cumbung Swamp Floodplain,Wood (Maned) Duck,Chenonetta jubata,0,7,0,0,0
2014,NA,Great Cumbung Swamp,Cumbung Swamp Floodplain,Yellow-billed Spoonbill,Platalea flavipes,0,3,0,0,0
2014,NA,Great Cumbung Swamp,Lignum Lake,Zero Count,NA,0,0,0,0,0
2015,NA,Great Cumbung Swamp,Baconian Swamp,Australian Pelican,Pelecanus conspicillatus,0,53,0,0,0
2015,NA,Great Cumbung Swamp,Baconian Swamp,Great Cormorant,Phalacrocorax carbo,0,40,0,0,0
2015,NA,Great Cumbung Swamp,Baconian Swamp,White-necked Heron,Ardea pacifica,0,7,0,0,0
2015,NA,Great Cumbung Swamp,Baconian Swamp,Wood (Maned) Duck,Chenonetta jubata,0,7,0,0,0
2015,NA,Great Cumbung Swamp,Lake Comayjong,Australian Shelduck (Mountain Duck),Tadorna tadornoides,0,25,0,0,0
2015,NA,Great Cumbung Swamp,Lake Comayjong,Banded Stilt,Cladorhynchus leucocephalus,0,1,0,0,0
2015,NA,Great Cumbung Swamp,Lake Comayjong,Glossy Ibis,Plegadis falcinellus,0,50,0,0,0
2015,NA,Great Cumbung Swamp,Lake Comayjong,Grey Teal,Anas gracilis,0,1010,0,0,0
2015,NA,Great Cumbung Swamp,Lake Comayjong,Pied Stilt,Himantopus luecocephalus,0,26,0,0,0
2015,NA,Great Cumbung Swamp,Lake Comayjong,Straw-necked Ibis,Threskiornis spinicollis,0,70,0,0,0
2015,NA,Great Cumbung Swamp,Clear Lake,Australian Pelican,Pelecanus conspicillatus,0,5,0,0,0
2015,NA,Great Cumbung Swamp,Clear Lake,Black Swan,Cygnus atratus,0,6,0,0,0
2015,NA,Great Cumbung Swamp,Clear Lake,Egrets,Ardea/Egretta sp.,0,19,0,0,0
2015,NA,Great Cumbung Swamp,Clear Lake,Great Cormorant,Phalacrocorax carbo,0,33,0,0,0
2015,NA,Great Cumbung Swamp,Clear Lake,Little Black Cormorant,Phalacrocorax sulcirostris,0,1,0,0,0
2015,NA,Great Cumbung Swamp,Clear Lake,White-necked Heron,Ardea pacifica,0,4,0,0,0
2015,NA,Great Cumbung Swamp,Clear Lake,Yellow-billed Spoonbill,Platalea flavipes,0,5,0,0,0
2015,NA,Great Cumbung Swamp,Cumbung Swamp Floodplain,Australian Pelican,Pelecanus conspicillatus,0,2211,0,0,0
2015,NA,Great Cumbung Swamp,Cumbung Swamp Floodplain,Australian Shelduck (Mountain Duck),Tadorna tadornoides,0,10,0,0,0
2015,NA,Great Cumbung Swamp,Cumbung Swamp Floodplain,Australian White Ibis,Threskiornis molucca,0,3076,79,0,79
2015,NA,Great Cumbung Swamp,Cumbung Swamp Floodplain,Black Swan,Cygnus atratus,0,63,0,0,0
2015,NA,Great Cumbung Swamp,Cumbung Swamp Floodplain,Egrets,Ardea/Egretta sp.,0,519,0,0,0
2015,NA,Great Cumbung Swamp,Cumbung Swamp Floodplain,Eurasian Coot,Fulica atra,0,723,0,0,0
2015,NA,Great Cumbung Swamp,Cumbung Swamp Floodplain,Glossy Ibis,Plegadis falcinellus,0,1153,0,0,0
2015,NA,Great Cumbung Swamp,Cumbung Swamp Floodplain,Great Cormorant,Phalacrocorax carbo,0,63,0,0,0
2015,NA,Great Cumbung Swamp,Cumbung Swamp Floodplain,Grey Teal,Anas gracilis,0,1221,0,0,0
2015,NA,Great Cumbung Swamp,Cumbung Swamp Floodplain,Hardhead,Aythya australis,0,42,0,0,0
2015,NA,Great Cumbung Swamp,Cumbung Swamp Floodplain,Masked Lapwing,Vanellus miles,0,5,0,0,0
2015,NA,Great Cumbung Swamp,Cumbung Swamp Floodplain,Pacific Black Duck,Anas superciliosa,0,47,0,0,0
2015,NA,Great Cumbung Swamp,Cumbung Swamp Floodplain,Pied Stilt,Himantopus luecocephalus,0,587,0,0,0
2015,NA,Great Cumbung Swamp,Cumbung Swamp Floodplain,Straw-necked Ibis,Threskiornis spinicollis,0,4249,0,0,0
2015,NA,Great Cumbung Swamp,Cumbung Swamp Floodplain,Whiskered Tern,Chlidonias hybrida,0,5,0,0,0
2015,NA,Great Cumbung Swamp,Cumbung Swamp Floodplain,White-necked Heron,Ardea pacifica,0,105,0,0,0
2015,NA,Great Cumbung Swamp,Cumbung Swamp Floodplain,Yellow-billed Spoonbill,Platalea flavipes,0,948,0,0,0
2015,NA,Great Cumbung Swamp,Marool Lake,Australian Pelican,Pelecanus conspicillatus,0,5,0,0,0
2015,NA,Great Cumbung Swamp,Marool Lake,Eurasian Coot,Fulica atra,0,1,0,0,0
2015,NA,Great Cumbung Swamp,Marool Lake,Grey Teal,Anas gracilis,0,100,0,0,0
2015,NA,Great Cumbung Swamp,Marool Lake,Hardhead,Aythya australis,0,2,0,0,0
2015,NA,Great Cumbung Swamp,Marool Lake,Pacific Black Duck,Anas superciliosa,0,15,0,0,0
2015,NA,Great Cumbung Swamp,Marool Lake,Pink-eared Duck,Malacorhynchus membranaceus,0,309,0,0,0
2015,NA,Great Cumbung Swamp,Bunumburt Lake,Australian Pelican,Pelecanus conspicillatus,0,77,0,0,0
2015,NA,Great Cumbung Swamp,Bunumburt Lake,Great Cormorant,Phalacrocorax carbo,0,22,0,0,0
2015,NA,Great Cumbung Swamp,Bunumburt Lake,Pied Stilt,Himantopus luecocephalus,0,2,0,0,0
2015,NA,Great Cumbung Swamp,Bunumburt North,Australian Pelican,Pelecanus conspicillatus,0,82,0,0,0
2015,NA,Great Cumbung Swamp,Bunumburt North,Black Swan,Cygnus atratus,0,4,0,0,0
2015,NA,Great Cumbung Swamp,Bunumburt North,Eurasian Coot,Fulica atra,0,10,0,0,0
2015,NA,Great Cumbung Swamp,Bunumburt North,Unidentified Tern,Tern sp.,0,10,0,0,0
2016,NA,Great Cumbung Swamp,Lake Comayjong,Australian Shelduck (Mountain Duck),Tadorna tadornoides,0,30,0,0,0
2016,NA,Great Cumbung Swamp,Lake Comayjong,Black Swan,Cygnus atratus,0,7,0,0,0
2016,NA,Great Cumbung Swamp,Lake Comayjong,Grey Teal,Anas gracilis,0,183,0,0,0
2016,NA,Great Cumbung Swamp,Lake Comayjong,Hardhead,Aythya australis,0,15,0,0,0
2016,NA,Great Cumbung Swamp,Lake Comayjong,Straw-necked Ibis,Threskiornis spinicollis,0,4,0,0,0
2016,NA,Great Cumbung Swamp,Lake Comayjong,White-faced Heron,Egretta novaehollandiae,0,1,0,0,0
2016,NA,Great Cumbung Swamp,Bunumburt Lake,Australian Pied Cormorant,Phalacrocorax varius,0,3,0,0,0
2016,NA,Great Cumbung Swamp,Bunumburt North,Australian Pelican,Pelecanus conspicillatus,0,7,0,0,0
2016,NA,Great Cumbung Swamp,Bunumburt North,Australian Pied Cormorant,Phalacrocorax varius,0,3,0,0,0
2016,NA,Great Cumbung Swamp,Bunumburt North,Great Cormorant,Phalacrocorax carbo,0,3,0,0,0
2016,NA,Great Cumbung Swamp,Cumbung Swamp Floodplain,Australian Pelican,Pelecanus conspicillatus,0,28,0,0,0
2016,NA,Great Cumbung Swamp,Cumbung Swamp Floodplain,Australian Pied Cormorant,Phalacrocorax varius,0,9,0,0,0
2016,NA,Great Cumbung Swamp,Cumbung Swamp Floodplain,Australian Shelduck (Mountain Duck),Tadorna tadornoides,0,276,0,0,0
2016,NA,Great Cumbung Swamp,Cumbung Swamp Floodplain,Australian White Ibis,Threskiornis molucca,0,138,0,0,0
2016,NA,Great Cumbung Swamp,Cumbung Swamp Floodplain,Black Swan,Cygnus atratus,0,313,0,28,28
2016,NA,Great Cumbung Swamp,Cumbung Swamp Floodplain,Blue-billed Duck,Oxyura australis,0,9,0,0,0
2016,NA,Great Cumbung Swamp,Cumbung Swamp Floodplain,Egrets,Ardea/Egretta sp.,0,64,0,0,0
2016,NA,Great Cumbung Swamp,Cumbung Swamp Floodplain,Eurasian Coot,Fulica atra,0,9,0,0,0
2016,NA,Great Cumbung Swamp,Cumbung Swamp Floodplain,Great Cormorant,Phalacrocorax carbo,0,37,0,0,0
2016,NA,Great Cumbung Swamp,Cumbung Swamp Floodplain,Great Egret,Ardea alba,0,18,0,0,0
2016,NA,Great Cumbung Swamp,Cumbung Swamp Floodplain,Grey Teal,Anas gracilis,0,1554,0,9,9
2016,NA,Great Cumbung Swamp,Cumbung Swamp Floodplain,Hardhead,Aythya australis,0,202,0,0,0
2016,NA,Great Cumbung Swamp,Cumbung Swamp Floodplain,Little Black Cormorant,Phalacrocorax sulcirostris,0,18,0,0,0
2016,NA,Great Cumbung Swamp,Cumbung Swamp Floodplain,Little Pied Cormorant,Microcarbo melanoleucos,0,18,0,0,0
2016,NA,Great Cumbung Swamp,Cumbung Swamp Floodplain,Pacific Black Duck,Anas superciliosa,0,92,0,0,0
2016,NA,Great Cumbung Swamp,Cumbung Swamp Floodplain,Pied Stilt,Himantopus luecocephalus,0,18,0,0,0
2016,NA,Great Cumbung Swamp,Cumbung Swamp Floodplain,Straw-necked Ibis,Threskiornis spinicollis,0,947,0,0,0
2016,NA,Great Cumbung Swamp,Cumbung Swamp Floodplain,White-faced Heron,Egretta novaehollandiae,0,110,0,0,0
2016,NA,Great Cumbung Swamp,Cumbung Swamp Floodplain,White-necked Heron,Ardea pacifica,0,166,0,0,0
2016,NA,Great Cumbung Swamp,Cumbung Swamp Floodplain,Wood (Maned) Duck,Chenonetta jubata,0,9,0,0,0
2016,NA,Great Cumbung Swamp,Lignum Lake,Zero Count,NA,0,0,0,0,0
2016,NA,Great Cumbung Swamp,Boyong Lake,Black Swan,Cygnus atratus,0,6,0,0,0
2016,NA,Great Cumbung Swamp,Boyong Lake,Eurasian Coot,Fulica atra,0,1,0,0,0
2016,NA,Great Cumbung Swamp,Boyong Lake,Grey Teal,Anas gracilis,0,31,0,0,0
2016,NA,Great Cumbung Swamp,Boyong Lake,Hardhead,Aythya australis,0,21,0,0,0
2016,NA,Great Cumbung Swamp,Boyong Lake,Pied Stilt,Himantopus luecocephalus,0,6,0,0,0
2016,NA,Great Cumbung Swamp,Boyong Lake,Straw-necked Ibis,Threskiornis spinicollis,0,33,0,0,0
2016,NA,Great Cumbung Swamp,Clear Lake,Australian Pied Cormorant,Phalacrocorax varius,0,1,0,0,0
2016,NA,Great Cumbung Swamp,Clear Lake,Black Swan,Cygnus atratus,0,8,0,2,2
2016,NA,Great Cumbung Swamp,Clear Lake,Great Crested Grebe,Podiceps cristatus,0,1,0,0,0
2016,NA,Great Cumbung Swamp,Baconian Swamp,Grey Teal,Anas gracilis,0,168,0,13,13
2016,NA,Great Cumbung Swamp,Baconian Swamp,Straw-necked Ibis,Threskiornis spinicollis,0,194,0,0,0
2016,NA,Great Cumbung Swamp,Baconian Swamp,White-necked Heron,Ardea pacifica,0,13,0,0,0
2017,NA,Great Cumbung Swamp,Baconian Swamp,Zero Count,NA,0,0,0,0,0
2017,NA,Great Cumbung Swamp,Lake Comayjong,Australian Pelican,Pelecanus conspicillatus,0,220,0,0,0
2017,NA,Great Cumbung Swamp,Lake Comayjong,Australian Shelduck (Mountain Duck),Tadorna tadornoides,0,1,0,0,0
2017,NA,Great Cumbung Swamp,Lake Comayjong,Black Swan,Cygnus atratus,0,10,0,0,0
2017,NA,Great Cumbung Swamp,Lake Comayjong,Eurasian Coot,Fulica atra,0,270,0,0,0
2017,NA,Great Cumbung Swamp,Lake Comayjong,Grey Teal,Anas gracilis,0,400,0,0,0
2017,NA,Great Cumbung Swamp,Clear Lake,Zero Count,NA,0,0,0,0,0
2017,NA,Great Cumbung Swamp,Cumbung Swamp Floodplain,Australasian Darter,Anhinga novaehollandiae,0,4,0,0,0
2017,NA,Great Cumbung Swamp,Cumbung Swamp Floodplain,Australian Pelican,Pelecanus conspicillatus,0,580,0,0,0
2017,NA,Great Cumbung Swamp,Cumbung Swamp Floodplain,Australian Pied Cormorant,Phalacrocorax varius,0,15,0,0,0
2017,NA,Great Cumbung Swamp,Cumbung Swamp Floodplain,Australian Shelduck (Mountain Duck),Tadorna tadornoides,0,171,0,0,0
2017,NA,Great Cumbung Swamp,Cumbung Swamp Floodplain,Eurasian Coot,Fulica atra,0,18,0,0,0
2017,NA,Great Cumbung Swamp,Cumbung Swamp Floodplain,Great Cormorant,Phalacrocorax carbo,0,153,0,0,0
2017,NA,Great Cumbung Swamp,Cumbung Swamp Floodplain,Grey Teal,Anas gracilis,0,1211,0,0,0
2017,NA,Great Cumbung Swamp,Cumbung Swamp Floodplain,Hardhead,Aythya australis,0,197,0,0,0
2017,NA,Great Cumbung Swamp,Cumbung Swamp Floodplain,Little Black Cormorant,Phalacrocorax sulcirostris,0,40,0,0,0
2017,NA,Great Cumbung Swamp,Cumbung Swamp Floodplain,Little Pied Cormorant,Microcarbo melanoleucos,0,7,0,0,0
2017,NA,Great Cumbung Swamp,Cumbung Swamp Floodplain,Pacific Black Duck,Anas superciliosa,0,186,0,0,0
2017,NA,Great Cumbung Swamp,Cumbung Swamp Floodplain,Red-necked Avocet,Recurvirostra novaehollandiae,0,11,0,0,0
2017,NA,Great Cumbung Swamp,Cumbung Swamp Floodplain,Unidentified Tern,Tern sp.,0,18,0,0,0
2017,NA,Great Cumbung Swamp,Cumbung Swamp Floodplain,White-faced Heron,Egretta novaehollandiae,0,18,0,0,0
2017,NA,Great Cumbung Swamp,Cumbung Swamp Floodplain,White-necked Heron,Ardea pacifica,0,11,0,0,0
2017,NA,Great Cumbung Swamp,Cumbung Swamp Floodplain,Wood (Maned) Duck,Chenonetta jubata,0,449,0,0,0
2017,NA,Great Cumbung Swamp,Cumbung Swamp Floodplain,Yellow-billed Spoonbill,Platalea flavipes,0,109,0,0,0
2017,NA,Great Cumbung Swamp,Bunumburt Lake,Australian Pelican,Pelecanus conspicillatus,0,61,0,0,0
2017,NA,Great Cumbung Swamp,Bunumburt Lake,Black Swan,Cygnus atratus,0,18,0,0,0
2017,NA,Great Cumbung Swamp,Bunumburt Lake,Eurasian Coot,Fulica atra,0,154,0,0,0
2017,NA,Great Cumbung Swamp,Bunumburt Lake,Grey Teal,Anas gracilis,0,55,0,0,0
2017,NA,Great Cumbung Swamp,Bunumburt Lake,Hardhead,Aythya australis,0,10,0,0,0
2017,NA,Great Cumbung Swamp,Bunumburt Lake,Pacific Black Duck,Anas superciliosa,0,10,0,0,0
2017,NA,Great Cumbung Swamp,Bunumburt North,Eurasian Coot,Fulica atra,0,10,0,0,0
2017,NA,Great Cumbung Swamp,Bunumburt North,Grey Teal,Anas gracilis,0,790,0,0,0
2017,NA,Great Cumbung Swamp,Bunumburt North,Hardhead,Aythya australis,0,30,0,0,0
2017,NA,Great Cumbung Swamp,Bunumburt North,Pacific Black Duck,Anas superciliosa,0,61,0,0,0
2017,NA,Great Cumbung Swamp,Bunumburt North,Pied Stilt,Himantopus luecocephalus,0,5,0,0,0
2017,NA,Great Cumbung Swamp,Bunumburt North,Red-necked Avocet,Recurvirostra novaehollandiae,0,200,0,0,0
2017,NA,Great Cumbung Swamp,Bunumburt North,Small Waders,small wader sp.,0,20,0,0,0
2018,NA,Great Cumbung Swamp,Baconian Swamp,Zero Count,NA,0,0,0,0,0
2018,NA,Great Cumbung Swamp,Clear Lake,Australian Pelican,Pelecanus conspicillatus,0,1,0,0,0
2018,NA,Great Cumbung Swamp,Clear Lake,Pacific Black Duck,Anas superciliosa,0,2,0,0,0
2018,NA,Great Cumbung Swamp,Boyong Lake,Zero Count,NA,0,0,0,0,0
2018,NA,Great Cumbung Swamp,Cumbung Swamp Floodplain,Australasian Darter,Anhinga novaehollandiae,0,10,0,0,0
2018,NA,Great Cumbung Swamp,Cumbung Swamp Floodplain,Australasian Shoveler,Spatula rhynchotis,0,7,0,0,0
2018,NA,Great Cumbung Swamp,Cumbung Swamp Floodplain,Australian Pelican,Pelecanus conspicillatus,0,208,0,0,0
2018,NA,Great Cumbung Swamp,Cumbung Swamp Floodplain,Australian Pied Cormorant,Phalacrocorax varius,0,13,0,0,0
2018,NA,Great Cumbung Swamp,Cumbung Swamp Floodplain,Australian Shelduck (Mountain Duck),Tadorna tadornoides,0,163,0,0,0
2018,NA,Great Cumbung Swamp,Cumbung Swamp Floodplain,Australian White Ibis,Threskiornis molucca,0,3,0,0,0
2018,NA,Great Cumbung Swamp,Cumbung Swamp Floodplain,Black Swan,Cygnus atratus,0,3,0,0,0
2018,NA,Great Cumbung Swamp,Cumbung Swamp Floodplain,Eurasian Coot,Fulica atra,0,16,0,0,0
2018,NA,Great Cumbung Swamp,Cumbung Swamp Floodplain,Glossy Ibis,Plegadis falcinellus,0,65,0,0,0
2018,NA,Great Cumbung Swamp,Cumbung Swamp Floodplain,Great Cormorant,Phalacrocorax carbo,0,3,0,0,0
2018,NA,Great Cumbung Swamp,Cumbung Swamp Floodplain,Great Egret,Ardea alba,0,3,0,0,0
2018,NA,Great Cumbung Swamp,Cumbung Swamp Floodplain,Grey Teal,Anas gracilis,0,944,0,0,0
2018,NA,Great Cumbung Swamp,Cumbung Swamp Floodplain,Little Black Cormorant,Phalacrocorax sulcirostris,0,10,0,0,0
2018,NA,Great Cumbung Swamp,Cumbung Swamp Floodplain,Masked Lapwing,Vanellus miles,0,16,0,0,0
2018,NA,Great Cumbung Swamp,Cumbung Swamp Floodplain,Pacific Black Duck,Anas superciliosa,0,566,0,0,0
2018,NA,Great Cumbung Swamp,Cumbung Swamp Floodplain,Pied Stilt,Himantopus luecocephalus,0,16,0,0,0
2018,NA,Great Cumbung Swamp,Cumbung Swamp Floodplain,Pink-eared Duck,Malacorhynchus membranaceus,0,163,0,0,0
2018,NA,Great Cumbung Swamp,Cumbung Swamp Floodplain,Silver Gull,Chroicocephalus novaehollandiae,0,3,0,0,0
2018,NA,Great Cumbung Swamp,Cumbung Swamp Floodplain,White-bellied Sea Eagle,Haliaeetus leucogaster,0,3,0,0,0
2018,NA,Great Cumbung Swamp,Cumbung Swamp Floodplain,White-faced Heron,Egretta novaehollandiae,0,3,0,0,0
2018,NA,Great Cumbung Swamp,Cumbung Swamp Floodplain,Wood (Maned) Duck,Chenonetta jubata,0,172,0,0,0
2018,NA,Great Cumbung Swamp,Cumbung Swamp Floodplain,Yellow-billed Spoonbill,Platalea flavipes,0,65,0,0,0
2018,NA,Great Cumbung Swamp,Lignum Lake,Zero Count,NA,0,0,0,0,0
2018,NA,Great Cumbung Swamp,Bunumburt Lake,Australian Pelican,Pelecanus conspicillatus,0,19,0,0,0
2018,NA,Great Cumbung Swamp,Bunumburt Lake,Black Swan,Cygnus atratus,0,4,0,0,0
2018,NA,Great Cumbung Swamp,Bunumburt Lake,Eurasian Coot,Fulica atra,0,80,0,0,0
2018,NA,Great Cumbung Swamp,Bunumburt Lake,Great Cormorant,Phalacrocorax carbo,0,3,0,0,0
2018,NA,Great Cumbung Swamp,Bunumburt Lake,Little Black Cormorant,Phalacrocorax sulcirostris,0,2,0,0,0
2018,NA,Great Cumbung Swamp,Bunumburt North,Australian Pelican,Pelecanus conspicillatus,0,10,0,0,0
2018,NA,Great Cumbung Swamp,Bunumburt North,Black Swan,Cygnus atratus,0,15,0,0,0
2018,NA,Great Cumbung Swamp,Bunumburt North,Eurasian Coot,Fulica atra,0,40,0,0,0
2018,NA,Great Cumbung Swamp,Bunumburt North,Grey Teal,Anas gracilis,0,305,0,0,0
2018,NA,Great Cumbung Swamp,Bunumburt North,Pacific Black Duck,Anas superciliosa,0,10,0,0,0
2018,NA,Great Cumbung Swamp,Bunumburt North,Yellow-billed Spoonbill,Platalea flavipes,0,20,0,0,0
2019,NA,Great Cumbung Swamp,Bunumburt Lake,Australian Pelican,Pelecanus conspicillatus,0,11,0,0,0
2019,NA,Great Cumbung Swamp,Bunumburt Lake,Australian Pied Cormorant,Phalacrocorax varius,0,7,0,0,0
2019,NA,Great Cumbung Swamp,Bunumburt Lake,Australian Shelduck (Mountain Duck),Tadorna tadornoides,0,2,0,0,0
2019,NA,Great Cumbung Swamp,Bunumburt Lake,Black Swan,Cygnus atratus,0,12,0,0,0
2019,NA,Great Cumbung Swamp,Bunumburt Lake,Eurasian Coot,Fulica atra,0,4,0,0,0
2019,NA,Great Cumbung Swamp,Bunumburt Lake,Great Cormorant,Phalacrocorax carbo,0,1,0,0,0
2019,NA,Great Cumbung Swamp,Bunumburt Lake,Great Egret,Ardea alba,0,1,0,0,0
2019,NA,Great Cumbung Swamp,Bunumburt Lake,Grey Teal,Anas gracilis,0,20,0,0,0
2019,NA,Great Cumbung Swamp,Bunumburt Lake,Masked Lapwing,Vanellus miles,0,7,0,0,0
2019,NA,Great Cumbung Swamp,Bunumburt Lake,Pacific Black Duck,Anas superciliosa,0,25,0,0,0
2019,NA,Great Cumbung Swamp,Bunumburt Lake,Pied Stilt,Himantopus luecocephalus,0,4,0,0,0
2019,NA,Great Cumbung Swamp,Bunumburt Lake,Red-necked Avocet,Recurvirostra novaehollandiae,0,11,0,0,0
2019,NA,Great Cumbung Swamp,Bunumburt Lake,Yellow-billed Spoonbill,Platalea flavipes,0,5,0,0,0
2019,NA,Great Cumbung Swamp,Cumbung Swamp Floodplain,Australasian Darter,Anhinga novaehollandiae,0,5,0,0,0
2019,NA,Great Cumbung Swamp,Cumbung Swamp Floodplain,Australian Pelican,Pelecanus conspicillatus,0,1266,0,0,0
2019,NA,Great Cumbung Swamp,Cumbung Swamp Floodplain,Australian Shelduck (Mountain Duck),Tadorna tadornoides,0,237,0,0,0
2019,NA,Great Cumbung Swamp,Cumbung Swamp Floodplain,Australian White Ibis,Threskiornis molucca,0,5,0,0,0
2019,NA,Great Cumbung Swamp,Cumbung Swamp Floodplain,Banded Lapwing,Vanellus tricolor,0,10,0,0,0
2019,NA,Great Cumbung Swamp,Cumbung Swamp Floodplain,Black Swan,Cygnus atratus,0,25,0,0,0
2019,NA,Great Cumbung Swamp,Cumbung Swamp Floodplain,Eurasian Coot,Fulica atra,0,50,0,0,0
2019,NA,Great Cumbung Swamp,Cumbung Swamp Floodplain,Glossy Ibis,Plegadis falcinellus,0,126,0,0,0
2019,NA,Great Cumbung Swamp,Cumbung Swamp Floodplain,Great Cormorant,Phalacrocorax carbo,0,5,0,0,0
2019,NA,Great Cumbung Swamp,Cumbung Swamp Floodplain,Great Egret,Ardea alba,0,5,0,0,0
2019,NA,Great Cumbung Swamp,Cumbung Swamp Floodplain,Grey Teal,Anas gracilis,0,1019,0,0,0
2019,NA,Great Cumbung Swamp,Cumbung Swamp Floodplain,Masked Lapwing,Vanellus miles,0,76,0,0,0
2019,NA,Great Cumbung Swamp,Cumbung Swamp Floodplain,Pacific Black Duck,Anas superciliosa,0,424,0,0,0
2019,NA,Great Cumbung Swamp,Cumbung Swamp Floodplain,Pied Stilt,Himantopus luecocephalus,0,10,0,0,0
2019,NA,Great Cumbung Swamp,Cumbung Swamp Floodplain,Pink-eared Duck,Malacorhynchus membranaceus,0,50,0,0,0
2019,NA,Great Cumbung Swamp,Cumbung Swamp Floodplain,Small Waders,small wader sp.,0,202,0,0,0
2019,NA,Great Cumbung Swamp,Cumbung Swamp Floodplain,White-faced Heron,Egretta novaehollandiae,0,20,0,0,0
2019,NA,Great Cumbung Swamp,Cumbung Swamp Floodplain,Wood (Maned) Duck,Chenonetta jubata,0,161,0,0,0
2019,NA,Great Cumbung Swamp,Cumbung Swamp Floodplain,Yellow-billed Spoonbill,Platalea flavipes,0,76,0,0,0
2019,NA,Great Cumbung Swamp,Lignum Lake,Zero Count,NA,0,0,0,0,0
2019,NA,Great Cumbung Swamp,Clear Lake,Zero Count,NA,0,0,0,0,0
2019,NA,Great Cumbung Swamp,Boyong Lake,Zero Count,NA,0,0,0,0,0
2019,NA,Great Cumbung Swamp,Brittens Lake,Zero Count,NA,0,0,0,0,0
2020,NA,Great Cumbung Swamp,Boyong Lake,Zero Count,NA,0,0,0,0,0
2020,NA,Great Cumbung Swamp,Clear Lake,Australian Pied Cormorant,Phalacrocorax varius,0,2,0,0,0
2020,NA,Great Cumbung Swamp,Clear Lake,Australian Shelduck (Mountain Duck),Tadorna tadornoides,0,4,0,0,0
2020,NA,Great Cumbung Swamp,Clear Lake,Grey Teal,Anas gracilis,0,40,0,0,0
2020,NA,Great Cumbung Swamp,Clear Lake,Pacific Black Duck,Anas superciliosa,0,4,0,0,0
2020,NA,Great Cumbung Swamp,Clear Lake,Straw-necked Ibis,Threskiornis spinicollis,0,6,0,0,0
2020,NA,Great Cumbung Swamp,Clear Lake,White-necked Heron,Ardea pacifica,0,22,0,0,0
2020,NA,Great Cumbung Swamp,Cumbung Swamp Floodplain,Australasian Darter,Anhinga novaehollandiae,0,22,0,0,0
2020,NA,Great Cumbung Swamp,Cumbung Swamp Floodplain,Australasian Shoveler,Spatula rhynchotis,0,13,0,0,0
2020,NA,Great Cumbung Swamp,Cumbung Swamp Floodplain,Australian Pelican,Pelecanus conspicillatus,0,260,0,0,0
2020,NA,Great Cumbung Swamp,Cumbung Swamp Floodplain,Australian Pied Cormorant,Phalacrocorax varius,0,13,0,0,0
2020,NA,Great Cumbung Swamp,Cumbung Swamp Floodplain,Australian Shelduck (Mountain Duck),Tadorna tadornoides,0,72,0,0,0
2020,NA,Great Cumbung Swamp,Cumbung Swamp Floodplain,Australian White Ibis,Threskiornis molucca,0,117,0,0,0
2020,NA,Great Cumbung Swamp,Cumbung Swamp Floodplain,Black Swan,Cygnus atratus,0,220,0,0,0
2020,NA,Great Cumbung Swamp,Cumbung Swamp Floodplain,Black-tailed Nativehen,Tribonyx ventralis,0,90,0,0,0
2020,NA,Great Cumbung Swamp,Cumbung Swamp Floodplain,Blue-billed Duck,Oxyura australis,0,45,0,0,0
2020,NA,Great Cumbung Swamp,Cumbung Swamp Floodplain,Egrets,Ardea/Egretta sp.,0,22,0,0,0
2020,NA,Great Cumbung Swamp,Cumbung Swamp Floodplain,Eurasian Coot,Fulica atra,0,220,0,0,0
2020,NA,Great Cumbung Swamp,Cumbung Swamp Floodplain,Great Cormorant,Phalacrocorax carbo,0,31,0,0,0
2020,NA,Great Cumbung Swamp,Cumbung Swamp Floodplain,Great Crested Grebe,Podiceps cristatus,0,13,0,0,0
2020,NA,Great Cumbung Swamp,Cumbung Swamp Floodplain,Great Egret,Ardea alba,0,36,0,0,0
2020,NA,Great Cumbung Swamp,Cumbung Swamp Floodplain,Grey Teal,Anas gracilis,0,1422,0,0,0
2020,NA,Great Cumbung Swamp,Cumbung Swamp Floodplain,Hardhead,Aythya australis,0,704,0,0,0
2020,NA,Great Cumbung Swamp,Cumbung Swamp Floodplain,Little Black Cormorant,Phalacrocorax sulcirostris,0,4,0,0,0
2020,NA,Great Cumbung Swamp,Cumbung Swamp Floodplain,Masked Lapwing,Vanellus miles,0,90,0,0,0
2020,NA,Great Cumbung Swamp,Cumbung Swamp Floodplain,Pacific Black Duck,Anas superciliosa,0,318,0,0,0
2020,NA,Great Cumbung Swamp,Cumbung Swamp Floodplain,Pied Stilt,Himantopus luecocephalus,0,677,0,0,0
2020,NA,Great Cumbung Swamp,Cumbung Swamp Floodplain,Pink-eared Duck,Malacorhynchus membranaceus,0,179,0,0,0
2020,NA,Great Cumbung Swamp,Cumbung Swamp Floodplain,Royal Spoonbill,Platalea regia,0,13,0,0,0
2020,NA,Great Cumbung Swamp,Cumbung Swamp Floodplain,Silver Gull,Chroicocephalus novaehollandiae,0,4,0,0,0
2020,NA,Great Cumbung Swamp,Cumbung Swamp Floodplain,Small Grebes,small grebe sp.,0,13,0,0,0
2020,NA,Great Cumbung Swamp,Cumbung Swamp Floodplain,Small Waders,small wader sp.,0,90,0,0,0
2020,NA,Great Cumbung Swamp,Cumbung Swamp Floodplain,Straw-necked Ibis,Threskiornis spinicollis,0,386,0,0,0
2020,NA,Great Cumbung Swamp,Cumbung Swamp Floodplain,Whiskered Tern,Chlidonias hybrida,0,1251,0,0,0
2020,NA,Great Cumbung Swamp,Cumbung Swamp Floodplain,White-necked Heron,Ardea pacifica,0,54,0,0,0
2020,NA,Great Cumbung Swamp,Bunumburt Lake,Australian Pelican,Pelecanus conspicillatus,0,27,0,0,0
2020,NA,Great Cumbung Swamp,Bunumburt Lake,Australian Pied Cormorant,Phalacrocorax varius,0,4,0,0,0
2020,NA,Great Cumbung Swamp,Bunumburt Lake,Black Swan,Cygnus atratus,0,4,0,0,0
2020,NA,Great Cumbung Swamp,Bunumburt Lake,Eurasian Coot,Fulica atra,0,7,0,0,0
2020,NA,Great Cumbung Swamp,Bunumburt Lake,Great Egret,Ardea alba,0,1,0,0,0
2020,NA,Great Cumbung Swamp,Bunumburt Lake,Pacific Black Duck,Anas superciliosa,0,4,0,0,0
2020,NA,Great Cumbung Swamp,Bunumburt Lake,Pied Stilt,Himantopus luecocephalus,0,15,0,0,0
2020,NA,Great Cumbung Swamp,Bunumburt North,Zero Count,NA,0,0,0,0,0
2020,NA,Great Cumbung Swamp,Lignum Lake,Zero Count,NA,0,0,0,0,0
2020,NA,Great Cumbung Swamp,Lake Comayjong,Australasian Shoveler,Spatula rhynchotis,0,58,0,0,0
2020,NA,Great Cumbung Swamp,Lake Comayjong,Australian Shelduck (Mountain Duck),Tadorna tadornoides,0,78,0,0,0
2020,NA,Great Cumbung Swamp,Lake Comayjong,Black Swan,Cygnus atratus,0,47,0,0,0
2020,NA,Great Cumbung Swamp,Lake Comayjong,Caspian Tern,Hydroprogne caspia,0,3,0,0,0
2020,NA,Great Cumbung Swamp,Lake Comayjong,Eurasian Coot,Fulica atra,0,374,0,0,0
2020,NA,Great Cumbung Swamp,Lake Comayjong,Grey Teal,Anas gracilis,0,2902,0,0,0
2020,NA,Great Cumbung Swamp,Lake Comayjong,Hardhead,Aythya australis,0,100,0,0,0
2020,NA,Great Cumbung Swamp,Lake Comayjong,Masked Lapwing,Vanellus miles,0,4,0,0,0
2020,NA,Great Cumbung Swamp,Lake Comayjong,Pied Stilt,Himantopus luecocephalus,0,87,0,0,0
2020,NA,Great Cumbung Swamp,Lake Comayjong,Whiskered Tern,Chlidonias hybrida,0,294,0,0,0
2020,NA,Great Cumbung Swamp,Lake Comayjong,Wood (Maned) Duck,Chenonetta jubata,0,22,0,0,0
2020,NA,Great Cumbung Swamp,Baconian Swamp,Australian Pelican,Pelecanus conspicillatus,0,8,0,0,0
2020,NA,Great Cumbung Swamp,Baconian Swamp,Australian Shelduck (Mountain Duck),Tadorna tadornoides,0,24,0,0,0
2020,NA,Great Cumbung Swamp,Baconian Swamp,Grey Teal,Anas gracilis,0,32,0,0,0
2020,NA,Great Cumbung Swamp,Baconian Swamp,Little Pied Cormorant,Microcarbo melanoleucos,0,16,0,0,0
2020,NA,Great Cumbung Swamp,Baconian Swamp,Straw-necked Ibis,Threskiornis spinicollis,0,40,0,0,0
2020,NA,Great Cumbung Swamp,Baconian Swamp,Wood (Maned) Duck,Chenonetta jubata,0,81,0,0,0
2021,NA,Great Cumbung Swamp,Bunumburt Lake,Australian Pelican,Pelecanus conspicillatus,0,10,0,0,0
2021,NA,Great Cumbung Swamp,Bunumburt Lake,Australian Pied Cormorant,Phalacrocorax varius,0,2,0,0,0
2021,NA,Great Cumbung Swamp,Bunumburt Lake,Great Egret,Ardea alba,0,12,0,0,0
2021,NA,Great Cumbung Swamp,Bunumburt Lake,Grey Teal,Anas gracilis,0,2,0,0,0
2021,NA,Great Cumbung Swamp,Bunumburt Lake,Hardhead,Aythya australis,0,6,0,0,0
2021,NA,Great Cumbung Swamp,Bunumburt Lake,Pacific Black Duck,Anas superciliosa,0,2,0,0,0
2021,NA,Great Cumbung Swamp,Bunumburt North,Australian Shelduck (Mountain Duck),Tadorna tadornoides,0,2,0,0,0
2021,NA,Great Cumbung Swamp,Bunumburt North,Black Swan,Cygnus atratus,0,5,0,0,0
2021,NA,Great Cumbung Swamp,Bunumburt North,Eurasian Coot,Fulica atra,0,20,0,0,0
2021,NA,Great Cumbung Swamp,Bunumburt North,Great Egret,Ardea alba,0,1,0,0,0
2021,NA,Great Cumbung Swamp,Bunumburt North,Grey Teal,Anas gracilis,0,55,0,0,0
2021,NA,Great Cumbung Swamp,Bunumburt North,Pacific Black Duck,Anas superciliosa,0,6,0,0,0
2021,NA,Great Cumbung Swamp,Bunumburt North,Pied Stilt,Himantopus luecocephalus,0,10,0,0,0
2021,NA,Great Cumbung Swamp,Bunumburt North,Wood (Maned) Duck,Chenonetta jubata,0,3,0,0,0
2021,NA,Great Cumbung Swamp,Cumbung Swamp Floodplain,Australasian Darter,Anhinga novaehollandiae,0,27,0,0,0
2021,NA,Great Cumbung Swamp,Cumbung Swamp Floodplain,Australian Pelican,Pelecanus conspicillatus,0,142,0,0,0
2021,NA,Great Cumbung Swamp,Cumbung Swamp Floodplain,Australian White Ibis,Threskiornis molucca,0,969,0,0,0
2021,NA,Great Cumbung Swamp,Cumbung Swamp Floodplain,Black Swan,Cygnus atratus,0,489,0,18,18
2021,NA,Great Cumbung Swamp,Cumbung Swamp Floodplain,Egrets,Ardea/Egretta sp.,0,338,0,0,0
2021,NA,Great Cumbung Swamp,Cumbung Swamp Floodplain,Eurasian Coot,Fulica atra,0,222,0,0,0
2021,NA,Great Cumbung Swamp,Cumbung Swamp Floodplain,Glossy Ibis,Plegadis falcinellus,0,89,0,0,0
2021,NA,Great Cumbung Swamp,Cumbung Swamp Floodplain,Great Cormorant,Phalacrocorax carbo,0,9,0,0,0
2021,NA,Great Cumbung Swamp,Cumbung Swamp Floodplain,Great Crested Grebe,Podiceps cristatus,0,9,0,0,0
2021,NA,Great Cumbung Swamp,Cumbung Swamp Floodplain,Great Egret,Ardea alba,0,222,0,0,0
2021,NA,Great Cumbung Swamp,Cumbung Swamp Floodplain,Grey Teal,Anas gracilis,0,2863,0,0,0
2021,NA,Great Cumbung Swamp,Cumbung Swamp Floodplain,Hardhead,Aythya australis,0,89,0,0,0
2021,NA,Great Cumbung Swamp,Cumbung Swamp Floodplain,Little Pied Cormorant,Microcarbo melanoleucos,0,9,0,0,0
2021,NA,Great Cumbung Swamp,Cumbung Swamp Floodplain,Musk Duck,Biziura lobata,0,9,0,0,0
2021,NA,Great Cumbung Swamp,Cumbung Swamp Floodplain,Pacific Black Duck,Anas superciliosa,0,36,0,0,0
2021,NA,Great Cumbung Swamp,Cumbung Swamp Floodplain,Plumed Whistling Duck,Dendrocygna eytoni,0,89,0,0,0
2021,NA,Great Cumbung Swamp,Cumbung Swamp Floodplain,Royal Spoonbill,Platalea regia,0,18,0,0,0
2021,NA,Great Cumbung Swamp,Cumbung Swamp Floodplain,Straw-necked Ibis,Threskiornis spinicollis,0,809,0,0,0
2021,NA,Great Cumbung Swamp,Cumbung Swamp Floodplain,Whiskered Tern,Chlidonias hybrida,0,800,0,0,0
2021,NA,Great Cumbung Swamp,Cumbung Swamp Floodplain,White-bellied Sea Eagle,Haliaeetus leucogaster,0,9,0,0,0
2021,NA,Great Cumbung Swamp,Cumbung Swamp Floodplain,White-necked Heron,Ardea pacifica,0,213,0,0,0
2021,NA,Great Cumbung Swamp,Cumbung Swamp Floodplain,Wood (Maned) Duck,Chenonetta jubata,0,9,0,0,0
2021,NA,Great Cumbung Swamp,Marool Lake,Eurasian Coot,Fulica atra,0,80,0,0,0
2021,NA,Great Cumbung Swamp,Marool Lake,Grey Teal,Anas gracilis,0,610,0,0,0
2021,NA,Great Cumbung Swamp,Marool Lake,Hardhead,Aythya australis,0,35,0,0,0
2021,NA,Great Cumbung Swamp,Marool Lake,Pacific Black Duck,Anas superciliosa,0,100,0,0,0
2021,NA,Great Cumbung Swamp,Marool Lake,Small Grebes,small grebe sp.,0,5,0,0,0
2021,NA,Great Cumbung Swamp,Lignum Lake,Zero Count,NA,0,0,0,0,0
2021,NA,Great Cumbung Swamp,Clear Lake,Australasian Darter,Anhinga novaehollandiae,0,1,0,0,0
2021,NA,Great Cumbung Swamp,Clear Lake,Australian Pied Cormorant,Phalacrocorax varius,0,1,0,0,0
2021,NA,Great Cumbung Swamp,Clear Lake,Australian Shelduck (Mountain Duck),Tadorna tadornoides,0,2,0,0,0
2021,NA,Great Cumbung Swamp,Clear Lake,Eurasian Coot,Fulica atra,0,1,0,0,0
2021,NA,Great Cumbung Swamp,Clear Lake,Straw-necked Ibis,Threskiornis spinicollis,0,3,0,0,0
2021,NA,Great Cumbung Swamp,Brittens Lake,Zero Count,NA,0,0,0,0,0
2021,NA,Great Cumbung Swamp,Lake Comayjong,Black Swan,Cygnus atratus,0,187,5,17,22
2021,NA,Great Cumbung Swamp,Lake Comayjong,Eurasian Coot,Fulica atra,0,168,0,0,0
2021,NA,Great Cumbung Swamp,Lake Comayjong,Great Crested Grebe,Podiceps cristatus,0,4,0,0,0
2021,NA,Great Cumbung Swamp,Lake Comayjong,Great Egret,Ardea alba,0,267,0,0,0
2021,NA,Great Cumbung Swamp,Lake Comayjong,Grey Teal,Anas gracilis,0,9,0,0,0
2021,NA,Great Cumbung Swamp,Lake Comayjong,Gull-billed Tern,Gelochelidon nilotica,0,84,0,0,0
2021,NA,Great Cumbung Swamp,Lake Comayjong,Whiskered Tern,Chlidonias hybrida,0,133,0,0,0
2021,NA,Great Cumbung Swamp,Baconian Swamp,Australian Pelican,Pelecanus conspicillatus,0,6,0,0,0
2021,NA,Great Cumbung Swamp,Baconian Swamp,Australian Shelduck (Mountain Duck),Tadorna tadornoides,0,6,0,0,0
2021,NA,Great Cumbung Swamp,Baconian Swamp,Black Swan,Cygnus atratus,0,6,0,0,0
2021,NA,Great Cumbung Swamp,Baconian Swamp,Grey Teal,Anas gracilis,0,130,0,0,0
2021,NA,Great Cumbung Swamp,Baconian Swamp,Wood (Maned) Duck,Chenonetta jubata,0,13,0,0,0
2022,NA,Great Cumbung Swamp,Bunumburt Lake,Pacific Black Duck,Anas superciliosa,0,3,0,0,0
2022,NA,Great Cumbung Swamp,Bunumburt Lake,Pied Oystercatcher,Haematopus longirostris,0,1,0,0,0
2022,NA,Great Cumbung Swamp,Bunumburt Lake,White-faced Heron,Egretta novaehollandiae,0,1,0,0,0
2022,NA,Great Cumbung Swamp,Bunumburt Lake,Wood (Maned) Duck,Chenonetta jubata,0,1,0,0,0
2022,NA,Great Cumbung Swamp,Bunumburt North,Eurasian Coot,Fulica atra,0,2,0,0,0
2022,NA,Great Cumbung Swamp,Bunumburt North,Grey Teal,Anas gracilis,0,1,0,0,0
2022,NA,Great Cumbung Swamp,Bunumburt North,Hardhead,Aythya australis,0,2,0,0,0
2022,NA,Great Cumbung Swamp,Bunumburt North,Little Pied Cormorant,Microcarbo melanoleucos,0,1,0,0,0
2022,NA,Great Cumbung Swamp,Bunumburt North,Pacific Black Duck,Anas superciliosa,0,1,0,0,0
2022,NA,Great Cumbung Swamp,Bunumburt North,White-faced Heron,Egretta novaehollandiae,0,2,0,0,0
2022,NA,Great Cumbung Swamp,Bunumburt North,Wood (Maned) Duck,Chenonetta jubata,0,2,0,0,0
2022,NA,Great Cumbung Swamp,Cumbung Swamp Floodplain,Australasian Shoveler,Spatula rhynchotis,0,35,0,0,0
2022,NA,Great Cumbung Swamp,Cumbung Swamp Floodplain,Australasian Swamphen,Porphyrio melanotus melanotus,0,71,0,0,0
2022,NA,Great Cumbung Swamp,Cumbung Swamp Floodplain,Australian Pelican,Pelecanus conspicillatus,0,1115,0,0,0
2022,NA,Great Cumbung Swamp,Cumbung Swamp Floodplain,Australian White Ibis,Threskiornis molucca,0,1823,0,0,0
2022,NA,Great Cumbung Swamp,Cumbung Swamp Floodplain,Black Swan,Cygnus atratus,0,1044,18,71,89
2022,NA,Great Cumbung Swamp,Cumbung Swamp Floodplain,Dusky Moorhen,Gallinula tenebrosa,0,18,0,0,0
2022,NA,Great Cumbung Swamp,Cumbung Swamp Floodplain,Egrets,Ardea/Egretta sp.,0,743,0,0,0
2022,NA,Great Cumbung Swamp,Cumbung Swamp Floodplain,Eurasian Coot,Fulica atra,0,230,0,0,0
2022,NA,Great Cumbung Swamp,Cumbung Swamp Floodplain,Grey Teal,Anas gracilis,0,1150,0,18,18
2022,NA,Great Cumbung Swamp,Cumbung Swamp Floodplain,Hardhead,Aythya australis,0,159,0,0,0
2022,NA,Great Cumbung Swamp,Cumbung Swamp Floodplain,Little Black Cormorant,Phalacrocorax sulcirostris,0,106,0,0,0
2022,NA,Great Cumbung Swamp,Cumbung Swamp Floodplain,Little Pied Cormorant,Microcarbo melanoleucos,0,18,0,0,0
2022,NA,Great Cumbung Swamp,Cumbung Swamp Floodplain,Masked Lapwing,Vanellus miles,0,18,0,0,0
2022,NA,Great Cumbung Swamp,Cumbung Swamp Floodplain,Nankeen Night Heron,Nycticorax caledonicus,0,124,0,0,0
2022,NA,Great Cumbung Swamp,Cumbung Swamp Floodplain,Pacific Black Duck,Anas superciliosa,0,389,0,0,0
2022,NA,Great Cumbung Swamp,Cumbung Swamp Floodplain,Pied Oystercatcher,Haematopus longirostris,0,53,0,0,0
2022,NA,Great Cumbung Swamp,Cumbung Swamp Floodplain,Royal Spoonbill,Platalea regia,0,35,0,0,0
2022,NA,Great Cumbung Swamp,Cumbung Swamp Floodplain,Silver Gull,Chroicocephalus novaehollandiae,0,18,0,0,0
2022,NA,Great Cumbung Swamp,Cumbung Swamp Floodplain,Straw-necked Ibis,Threskiornis spinicollis,0,1080,0,0,0
2022,NA,Great Cumbung Swamp,Cumbung Swamp Floodplain,White-faced Heron,Egretta novaehollandiae,0,106,0,0,0
2022,NA,Great Cumbung Swamp,Cumbung Swamp Floodplain,White-necked Heron,Ardea pacifica,0,230,0,0,0
2022,NA,Great Cumbung Swamp,Cumbung Swamp Floodplain,Wood (Maned) Duck,Chenonetta jubata,0,248,0,0,0
2022,NA,Great Cumbung Swamp,Clear Lake,Australian Pied Cormorant,Phalacrocorax varius,0,1,0,0,0
2022,NA,Great Cumbung Swamp,Clear Lake,Eurasian Coot,Fulica atra,0,3,0,0,0
2022,NA,Great Cumbung Swamp,Clear Lake,Great Cormorant,Phalacrocorax carbo,0,1,0,0,0
2022,NA,Great Cumbung Swamp,Lignum Lake,Australian Pelican,Pelecanus conspicillatus,0,68,0,0,0
2022,NA,Great Cumbung Swamp,Lignum Lake,Black Swan,Cygnus atratus,0,2,0,0,0
2022,NA,Great Cumbung Swamp,Lignum Lake,Great Cormorant,Phalacrocorax carbo,0,13,0,0,0
2022,NA,Great Cumbung Swamp,Lignum Lake,Little Pied Cormorant,Microcarbo melanoleucos,0,3,0,0,0
2023,NA,Great Cumbung Swamp,Cumbung Swamp Floodplain,Australasian Darter,Anhinga novaehollandiae,0,153,0,0,0
2023,NA,Great Cumbung Swamp,Cumbung Swamp Floodplain,Australasian Swamphen,Porphyrio melanotus melanotus,0,614,0,0,0
2023,NA,Great Cumbung Swamp,Cumbung Swamp Floodplain,Australian Pelican,Pelecanus conspicillatus,0,4785,0,0,0
2023,NA,Great Cumbung Swamp,Cumbung Swamp Floodplain,Australian Pied Cormorant,Phalacrocorax varius,0,276,0,0,0
2023,NA,Great Cumbung Swamp,Cumbung Swamp Floodplain,Australian Shelduck (Mountain Duck),Tadorna tadornoides,0,337,0,0,0
2023,NA,Great Cumbung Swamp,Cumbung Swamp Floodplain,Australian White Ibis,Threskiornis molucca,0,506,0,0,0
2023,NA,Great Cumbung Swamp,Cumbung Swamp Floodplain,Black Swan,Cygnus atratus,0,3083,0,92,92
2023,NA,Great Cumbung Swamp,Cumbung Swamp Floodplain,Black-tailed Nativehen,Tribonyx ventralis,0,1411,0,0,0
2023,NA,Great Cumbung Swamp,Cumbung Swamp Floodplain,Caspian Tern,Hydroprogne caspia,0,15,0,0,0
2023,NA,Great Cumbung Swamp,Cumbung Swamp Floodplain,Egrets,Ardea/Egretta sp.,0,537,0,0,0
2023,NA,Great Cumbung Swamp,Cumbung Swamp Floodplain,Eurasian Coot,Fulica atra,0,6810,0,0,0
2023,NA,Great Cumbung Swamp,Cumbung Swamp Floodplain,Glossy Ibis,Plegadis falcinellus,0,1472,0,0,0
2023,NA,Great Cumbung Swamp,Cumbung Swamp Floodplain,Great Cormorant,Phalacrocorax carbo,0,2807,61,0,61
2023,NA,Great Cumbung Swamp,Cumbung Swamp Floodplain,Great Egret,Ardea alba,0,521,0,0,0
2023,NA,Great Cumbung Swamp,Cumbung Swamp Floodplain,Grey Teal,Anas gracilis,0,13129,0,0,0
2023,NA,Great Cumbung Swamp,Cumbung Swamp Floodplain,Hardhead,Aythya australis,0,31,0,0,0
2023,NA,Great Cumbung Swamp,Cumbung Swamp Floodplain,Little Black Cormorant,Phalacrocorax sulcirostris,0,2347,0,0,0
2023,NA,Great Cumbung Swamp,Cumbung Swamp Floodplain,Little Pied Cormorant,Microcarbo melanoleucos,0,46,0,0,0
2023,NA,Great Cumbung Swamp,Cumbung Swamp Floodplain,Masked Lapwing,Vanellus miles,0,61,0,0,0
2023,NA,Great Cumbung Swamp,Cumbung Swamp Floodplain,Pacific Black Duck,Anas superciliosa,0,9080,0,0,0
2023,NA,Great Cumbung Swamp,Cumbung Swamp Floodplain,Pied Stilt,Himantopus luecocephalus,0,721,0,0,0
2023,NA,Great Cumbung Swamp,Cumbung Swamp Floodplain,Pink-eared Duck,Malacorhynchus membranaceus,0,307,0,0,0
2023,NA,Great Cumbung Swamp,Cumbung Swamp Floodplain,Royal Spoonbill,Platalea regia,0,230,0,0,0
2023,NA,Great Cumbung Swamp,Cumbung Swamp Floodplain,Small Grebes,small grebe sp.,0,31,0,0,0
2023,NA,Great Cumbung Swamp,Cumbung Swamp Floodplain,Straw-necked Ibis,Threskiornis spinicollis,0,184,0,0,0
2023,NA,Great Cumbung Swamp,Cumbung Swamp Floodplain,Whiskered Tern,Chlidonias hybrida,0,337,0,0,0
2023,NA,Great Cumbung Swamp,Cumbung Swamp Floodplain,White-faced Heron,Egretta novaehollandiae,0,337,0,0,0
2023,NA,Great Cumbung Swamp,Cumbung Swamp Floodplain,White-necked Heron,Ardea pacifica,0,460,0,0,0
2023,NA,Great Cumbung Swamp,Cumbung Swamp Floodplain,Wood (Maned) Duck,Chenonetta jubata,0,2255,0,0,0
2023,NA,Great Cumbung Swamp,Cumbung Swamp Floodplain,Yellow-billed Spoonbill,Platalea flavipes,0,521,0,0,0
2023,NA,Great Cumbung Swamp,Lignum Lake,Australian Pelican,Pelecanus conspicillatus,0,277,0,0,0
2023,NA,Great Cumbung Swamp,Lignum Lake,Australian White Ibis,Threskiornis molucca,0,2,0,0,0
2023,NA,Great Cumbung Swamp,Lignum Lake,Black Swan,Cygnus atratus,0,174,0,0,0
2023,NA,Great Cumbung Swamp,Lignum Lake,Egrets,Ardea/Egretta sp.,0,18,0,0,0
2023,NA,Great Cumbung Swamp,Lignum Lake,Eurasian Coot,Fulica atra,0,415,0,0,0
2023,NA,Great Cumbung Swamp,Lignum Lake,Great Cormorant,Phalacrocorax carbo,0,34,0,0,0
2023,NA,Great Cumbung Swamp,Lignum Lake,Great Egret,Ardea alba,0,8,0,0,0
2023,NA,Great Cumbung Swamp,Lignum Lake,Grey Teal,Anas gracilis,0,15,0,0,0
2023,NA,Great Cumbung Swamp,Lignum Lake,Little Black Cormorant,Phalacrocorax sulcirostris,0,32,0,0,0
2023,NA,Great Cumbung Swamp,Lignum Lake,Little Pied Cormorant,Microcarbo melanoleucos,0,3,0,0,0
2023,NA,Great Cumbung Swamp,Lignum Lake,Pacific Black Duck,Anas superciliosa,0,108,0,0,0
2023,NA,Great Cumbung Swamp,Lignum Lake,Yellow-billed Spoonbill,Platalea flavipes,0,2,0,0,0
2023,NA,Great Cumbung Swamp,Bunumburt Lake,Australian Pied Cormorant,Phalacrocorax varius,0,1,0,0,0
2023,NA,Great Cumbung Swamp,Bunumburt Lake,Australian Shelduck (Mountain Duck),Tadorna tadornoides,0,1,0,0,0
2023,NA,Great Cumbung Swamp,Bunumburt Lake,Black Swan,Cygnus atratus,0,20,0,0,0
2023,NA,Great Cumbung Swamp,Bunumburt Lake,Eurasian Coot,Fulica atra,0,60,0,0,0
2023,NA,Great Cumbung Swamp,Bunumburt Lake,Great Cormorant,Phalacrocorax carbo,0,1,0,0,0
2023,NA,Great Cumbung Swamp,Bunumburt Lake,Little Black Cormorant,Phalacrocorax sulcirostris,0,2,0,0,0
2023,NA,Great Cumbung Swamp,Bunumburt Lake,Whiskered Tern,Chlidonias hybrida,0,2,0,0,0
2023,NA,Great Cumbung Swamp,Bunumburt North,Australian Pelican,Pelecanus conspicillatus,0,94,0,0,0
2023,NA,Great Cumbung Swamp,Bunumburt North,Black Swan,Cygnus atratus,0,55,0,1,1
2023,NA,Great Cumbung Swamp,Bunumburt North,Eurasian Coot,Fulica atra,0,200,0,0,0
2023,NA,Great Cumbung Swamp,Bunumburt North,Great Cormorant,Phalacrocorax carbo,0,1,0,0,0
2023,NA,Great Cumbung Swamp,Bunumburt North,Grey Teal,Anas gracilis,0,35,0,0,0
2023,NA,Great Cumbung Swamp,Bunumburt North,Little Black Cormorant,Phalacrocorax sulcirostris,0,35,0,0,0
2023,NA,Great Cumbung Swamp,Bunumburt North,Pacific Black Duck,Anas superciliosa,0,18,0,0,0
2023,NA,Great Cumbung Swamp,Bunumburt North,Small Grebes,small grebe sp.,0,1,0,0,0
2023,NA,Great Cumbung Swamp,Bunumburt North,Whiskered Tern,Chlidonias hybrida,0,35,0,0,0
2023,NA,Great Cumbung Swamp,Bunumburt North,White-faced Heron,Egretta novaehollandiae,0,1,0,0,0
2023,NA,Great Cumbung Swamp,Lake Comayjong,Australasian Darter,Anhinga novaehollandiae,0,7,0,0,0
2023,NA,Great Cumbung Swamp,Lake Comayjong,Black Swan,Cygnus atratus,0,3,0,0,0
2023,NA,Great Cumbung Swamp,Lake Comayjong,Black-tailed Nativehen,Tribonyx ventralis,0,13,0,0,0
2023,NA,Great Cumbung Swamp,Lake Comayjong,Eurasian Coot,Fulica atra,0,16,0,0,0
2023,NA,Great Cumbung Swamp,Lake Comayjong,Great Cormorant,Phalacrocorax carbo,0,1,0,0,0
2023,NA,Great Cumbung Swamp,Lake Comayjong,Grey Teal,Anas gracilis,0,20,0,0,0
2023,NA,Great Cumbung Swamp,Lake Comayjong,Pacific Black Duck,Anas superciliosa,0,13,0,0,0
2023,NA,Great Cumbung Swamp,Lake Comayjong,Pied Stilt,Himantopus luecocephalus,0,7,0,0,0
2023,NA,Great Cumbung Swamp,Clear Lake,Australian Pelican,Pelecanus conspicillatus,0,40,0,0,0
2023,NA,Great Cumbung Swamp,Clear Lake,Great Cormorant,Phalacrocorax carbo,0,24,0,0,0
2023,NA,Great Cumbung Swamp,Clear Lake,Little Black Cormorant,Phalacrocorax sulcirostris,0,35,0,0,0
2023,NA,Great Cumbung Swamp,Boyong Lake,Black Swan,Cygnus atratus,0,55,0,2,2
2023,NA,Great Cumbung Swamp,Boyong Lake,Black-tailed Nativehen,Tribonyx ventralis,0,120,0,0,0
2023,NA,Great Cumbung Swamp,Boyong Lake,Egrets,Ardea/Egretta sp.,0,8,0,0,0
2023,NA,Great Cumbung Swamp,Boyong Lake,Eurasian Coot,Fulica atra,0,283,0,0,0
2023,NA,Great Cumbung Swamp,Boyong Lake,Great Cormorant,Phalacrocorax carbo,0,5,0,0,0
2023,NA,Great Cumbung Swamp,Boyong Lake,Great Egret,Ardea alba,0,3,0,0,0
2023,NA,Great Cumbung Swamp,Boyong Lake,Grey Teal,Anas gracilis,0,173,0,0,0
2023,NA,Great Cumbung Swamp,Boyong Lake,Little Black Cormorant,Phalacrocorax sulcirostris,0,3,0,0,0
2023,NA,Great Cumbung Swamp,Boyong Lake,Pacific Black Duck,Anas superciliosa,0,108,0,0,0
2023,NA,Great Cumbung Swamp,Boyong Lake,Small Grebes,small grebe sp.,0,77,0,0,0
2023,NA,Great Cumbung Swamp,Boyong Lake,White-necked Heron,Ardea pacifica,0,7,0,0,0
2023,NA,Great Cumbung Swamp,Boyong Lake,Wood (Maned) Duck,Chenonetta jubata,0,17,0,0,0
2023,NA,Great Cumbung Swamp,Baconian Swamp,Australasian Darter,Anhinga novaehollandiae,0,18,0,0,0
2023,NA,Great Cumbung Swamp,Baconian Swamp,Australian Pelican,Pelecanus conspicillatus,0,27,0,0,0
2023,NA,Great Cumbung Swamp,Baconian Swamp,Black Swan,Cygnus atratus,0,145,0,0,0
2023,NA,Great Cumbung Swamp,Baconian Swamp,Egrets,Ardea/Egretta sp.,0,9,0,0,0
2023,NA,Great Cumbung Swamp,Baconian Swamp,Great Cormorant,Phalacrocorax carbo,0,36,0,0,0
2023,NA,Great Cumbung Swamp,Baconian Swamp,Great Egret,Ardea alba,0,9,0,0,0
2023,NA,Great Cumbung Swamp,Baconian Swamp,Grey Teal,Anas gracilis,0,454,0,0,0
2023,NA,Great Cumbung Swamp,Baconian Swamp,Pacific Black Duck,Anas superciliosa,0,454,0,0,0
2023,NA,Great Cumbung Swamp,Baconian Swamp,White-faced Heron,Egretta novaehollandiae,0,9,0,0,0
2023,NA,Great Cumbung Swamp,Baconian Swamp,White-necked Heron,Ardea pacifica,0,9,0,0,0
2023,NA,Great Cumbung Swamp,Baconian Swamp,Wood (Maned) Duck,Chenonetta jubata,0,182,0,0,0
2024,NA,Great Cumbung Swamp,Dry Lake South,Pacific Black Duck,Anas superciliosa,0,4,0,0,0
2024,NA,Great Cumbung Swamp,Dry Lake South,Straw-necked Ibis,Threskiornis spinicollis,0,240,0,0,0
2024,NA,Great Cumbung Swamp,Dry Lake South,White-necked Heron,Ardea pacifica,0,4,0,0,0
2024,NA,Great Cumbung Swamp,Boyong Lake,Australian Pelican,Pelecanus conspicillatus,0,10,0,0,0
2024,NA,Great Cumbung Swamp,Boyong Lake,Australian Shelduck (Mountain Duck),Tadorna tadornoides,0,522,0,0,0
2024,NA,Great Cumbung Swamp,Boyong Lake,Black Swan,Cygnus atratus,0,212,0,0,0
2024,NA,Great Cumbung Swamp,Boyong Lake,Egrets,Ardea/Egretta sp.,0,2,0,0,0
2024,NA,Great Cumbung Swamp,Boyong Lake,Eurasian Coot,Fulica atra,0,400,0,0,0
2024,NA,Great Cumbung Swamp,Boyong Lake,Grey Teal,Anas gracilis,0,3450,0,0,0
2024,NA,Great Cumbung Swamp,Boyong Lake,Hardhead,Aythya australis,0,50,0,0,0
2024,NA,Great Cumbung Swamp,Boyong Lake,White-faced Heron,Egretta novaehollandiae,0,10,0,0,0
2024,NA,Great Cumbung Swamp,Boyong Lake,White-necked Heron,Ardea pacifica,0,10,0,0,0
2024,NA,Great Cumbung Swamp,Clear Lake,Australasian Darter,Anhinga novaehollandiae,0,1,0,0,0
2024,NA,Great Cumbung Swamp,Clear Lake,Australian Pelican,Pelecanus conspicillatus,0,20,0,0,0
2024,NA,Great Cumbung Swamp,Clear Lake,Australian Pied Cormorant,Phalacrocorax varius,0,2,0,0,0
2024,NA,Great Cumbung Swamp,Clear Lake,Great Cormorant,Phalacrocorax carbo,0,10,0,0,0
2024,NA,Great Cumbung Swamp,Clear Lake,Grey Teal,Anas gracilis,0,30,0,0,0
2024,NA,Great Cumbung Swamp,Clear Lake,Little Black Cormorant,Phalacrocorax sulcirostris,0,2,0,0,0
2024,NA,Great Cumbung Swamp,Clear Lake,Wood (Maned) Duck,Chenonetta jubata,0,5,0,0,0
2024,NA,Great Cumbung Swamp,Clear Lake,Yellow-billed Spoonbill,Platalea flavipes,0,1,0,0,0
2024,NA,Great Cumbung Swamp,Brittens Lake,Australian Pelican,Pelecanus conspicillatus,0,5,0,0,0
2024,NA,Great Cumbung Swamp,Brittens Lake,Black Swan,Cygnus atratus,0,5,0,0,0
2024,NA,Great Cumbung Swamp,Brittens Lake,Brolga,Antigone rubicunda,0,2,0,0,0
2024,NA,Great Cumbung Swamp,Brittens Lake,Eurasian Coot,Fulica atra,0,10,0,0,0
2024,NA,Great Cumbung Swamp,Brittens Lake,Great Cormorant,Phalacrocorax carbo,0,2,0,0,0
2024,NA,Great Cumbung Swamp,Brittens Lake,Straw-necked Ibis,Threskiornis spinicollis,0,9,0,0,0
2024,NA,Great Cumbung Swamp,Brittens Lake,White-faced Heron,Egretta novaehollandiae,0,8,0,0,0
2024,NA,Great Cumbung Swamp,Brittens Lake,Yellow-billed Spoonbill,Platalea flavipes,0,2,0,0,0
2024,NA,Great Cumbung Swamp,Little Brittens Lake,Grey Teal,Anas gracilis,0,1290,0,0,0
2024,NA,Great Cumbung Swamp,Little Brittens Lake,Hardhead,Aythya australis,0,20,0,0,0
2024,NA,Great Cumbung Swamp,Little Brittens Lake,Pacific Black Duck,Anas superciliosa,0,210,0,0,0
2024,NA,Great Cumbung Swamp,Cumbung Swamp Floodplain,Australasian Darter,Anhinga novaehollandiae,0,20,0,0,0
2024,NA,Great Cumbung Swamp,Cumbung Swamp Floodplain,Australasian Swamphen,Porphyrio melanotus melanotus,0,20,0,0,0
2024,NA,Great Cumbung Swamp,Cumbung Swamp Floodplain,Australian Pelican,Pelecanus conspicillatus,0,5850,0,0,0
2024,NA,Great Cumbung Swamp,Cumbung Swamp Floodplain,Australian Pied Cormorant,Phalacrocorax varius,0,40,0,0,0
2024,NA,Great Cumbung Swamp,Cumbung Swamp Floodplain,Australian Shelduck (Mountain Duck),Tadorna tadornoides,0,1383,0,0,0
2024,NA,Great Cumbung Swamp,Cumbung Swamp Floodplain,Australian White Ibis,Threskiornis molucca,0,3340,0,0,0
2024,NA,Great Cumbung Swamp,Cumbung Swamp Floodplain,Black Swan,Cygnus atratus,0,771,0,0,0
2024,NA,Great Cumbung Swamp,Cumbung Swamp Floodplain,Egrets,Ardea/Egretta sp.,0,375,0,0,0
2024,NA,Great Cumbung Swamp,Cumbung Swamp Floodplain,Eurasian Coot,Fulica atra,0,1976,0,0,0
2024,NA,Great Cumbung Swamp,Cumbung Swamp Floodplain,Glossy Ibis,Plegadis falcinellus,0,2628,0,0,0
2024,NA,Great Cumbung Swamp,Cumbung Swamp Floodplain,Great Cormorant,Phalacrocorax carbo,0,415,0,0,0
2024,NA,Great Cumbung Swamp,Cumbung Swamp Floodplain,Great Egret,Ardea alba,0,59,0,0,0
2024,NA,Great Cumbung Swamp,Cumbung Swamp Floodplain,Grey Teal,Anas gracilis,0,24486,0,0,0
2024,NA,Great Cumbung Swamp,Cumbung Swamp Floodplain,Little Black Cormorant,Phalacrocorax sulcirostris,0,2688,0,0,0
2024,NA,Great Cumbung Swamp,Cumbung Swamp Floodplain,Masked Lapwing,Vanellus miles,0,40,0,0,0
2024,NA,Great Cumbung Swamp,Cumbung Swamp Floodplain,Nankeen Night Heron,Nycticorax caledonicus,0,20,0,0,0
2024,NA,Great Cumbung Swamp,Cumbung Swamp Floodplain,Pacific Black Duck,Anas superciliosa,0,2273,0,0,0
2024,NA,Great Cumbung Swamp,Cumbung Swamp Floodplain,Pied Stilt,Himantopus luecocephalus,0,198,0,0,0
2024,NA,Great Cumbung Swamp,Cumbung Swamp Floodplain,Royal Spoonbill,Platalea regia,0,79,0,0,0
2024,NA,Great Cumbung Swamp,Cumbung Swamp Floodplain,Straw-necked Ibis,Threskiornis spinicollis,0,8972,0,0,0
2024,NA,Great Cumbung Swamp,Cumbung Swamp Floodplain,Whiskered Tern,Chlidonias hybrida,0,198,0,0,0
2024,NA,Great Cumbung Swamp,Cumbung Swamp Floodplain,White-faced Heron,Egretta novaehollandiae,0,415,0,0,0
2024,NA,Great Cumbung Swamp,Cumbung Swamp Floodplain,White-necked Heron,Ardea pacifica,0,810,0,0,0
2024,NA,Great Cumbung Swamp,Cumbung Swamp Floodplain,Wood (Maned) Duck,Chenonetta jubata,0,988,0,0,0
2024,NA,Great Cumbung Swamp,Cumbung Swamp Floodplain,Yellow-billed Spoonbill,Platalea flavipes,0,1206,0,0,0
2024,NA,Great Cumbung Swamp,Lignum Lake,Australian Pelican,Pelecanus conspicillatus,0,40,0,0,0
2024,NA,Great Cumbung Swamp,Lignum Lake,Black Swan,Cygnus atratus,0,360,0,0,0
2024,NA,Great Cumbung Swamp,Lignum Lake,Eurasian Coot,Fulica atra,0,1293,0,0,0
2024,NA,Great Cumbung Swamp,Lignum Lake,Grey Teal,Anas gracilis,0,2315,0,0,0
2024,NA,Great Cumbung Swamp,Lignum Lake,Hardhead,Aythya australis,0,163,0,0,0
2024,NA,Great Cumbung Swamp,Lignum Lake,Pacific Black Duck,Anas superciliosa,0,33,0,0,0
2024,NA,Great Cumbung Swamp,Lignum Lake,Pied Stilt,Himantopus luecocephalus,0,3,0,0,0
2024,NA,Great Cumbung Swamp,Lignum Lake,Pink-eared Duck,Malacorhynchus membranaceus,0,133,0,0,0
2024,NA,Great Cumbung Swamp,Lignum Lake,Whiskered Tern,Chlidonias hybrida,0,27,0,0,0
2024,NA,Great Cumbung Swamp,Marool Lake,Australian Pelican,Pelecanus conspicillatus,0,10,0,0,0
2024,NA,Great Cumbung Swamp,Marool Lake,Eurasian Coot,Fulica atra,0,10,0,0,0
2024,NA,Great Cumbung Swamp,Marool Lake,Grey Teal,Anas gracilis,0,100,0,0,0
2024,NA,Great Cumbung Swamp,Marool Lake,Little Black Cormorant,Phalacrocorax sulcirostris,0,50,0,0,0
2024,NA,Great Cumbung Swamp,Marool Lake,Whiskered Tern,Chlidonias hybrida,0,20,0,0,0
2024,NA,Great Cumbung Swamp,Bunumburt Lake,Australian Pelican,Pelecanus conspicillatus,0,6,0,0,0
2024,NA,Great Cumbung Swamp,Bunumburt Lake,Australian Pied Cormorant,Phalacrocorax varius,0,1,0,0,0
2024,NA,Great Cumbung Swamp,Bunumburt Lake,Egrets,Ardea/Egretta sp.,0,1,0,0,0
2024,NA,Great Cumbung Swamp,Bunumburt Lake,Masked Lapwing,Vanellus miles,0,1,0,0,0
2024,NA,Great Cumbung Swamp,Bunumburt North,Zero Count,NA,0,0,0,0,0
2024,NA,Great Cumbung Swamp,Lake Comayjong,Australian Pelican,Pelecanus conspicillatus,0,45,0,0,0
2024,NA,Great Cumbung Swamp,Lake Comayjong,Grey Teal,Anas gracilis,0,370,0,0,0
2024,NA,Great Cumbung Swamp,Lake Comayjong,Masked Lapwing,Vanellus miles,0,1,0,0,0
2024,NA,Great Cumbung Swamp,Lake Comayjong,Pied Stilt,Himantopus luecocephalus,0,10,0,0,0
2024,NA,Great Cumbung Swamp,Baconian Swamp,Australian Pelican,Pelecanus conspicillatus,0,22,0,0,0
2024,NA,Great Cumbung Swamp,Baconian Swamp,Glossy Ibis,Plegadis falcinellus,0,22,0,0,0
2024,NA,Great Cumbung Swamp,Baconian Swamp,Great Cormorant,Phalacrocorax carbo,0,22,0,0,0
2024,NA,Great Cumbung Swamp,Baconian Swamp,Grey Teal,Anas gracilis,0,1943,0,0,0
2024,NA,Great Cumbung Swamp,Baconian Swamp,Straw-necked Ibis,Threskiornis spinicollis,0,223,0,0,0
2024,NA,Great Cumbung Swamp,Baconian Swamp,White-faced Heron,Egretta novaehollandiae,0,67,0,0,0
2024,NA,Great Cumbung Swamp,Baconian Swamp,White-necked Heron,Ardea pacifica,0,112,0,0,0
2024,NA,Great Cumbung Swamp,Baconian Swamp,Wood (Maned) Duck,Chenonetta jubata,0,22,0,0,0
2024,NA,Great Cumbung Swamp,Baconian Swamp,Yellow-billed Spoonbill,Platalea flavipes,0,45,0,0,0
